timestamp,device_id,min_distance,max_distance,current_distance,variance,h_fov,v_fov,q[0],q[1],q[2],q[3],signal_quality,type,orientation
335985729,7562769,0.2,200.0,0.69,0.0,0.0,0.0,0.0,0.0,0.0,0.0,-1,0,25
336990677,7562769,0.2,200.0,4.2,0.0,0.0,0.0,0.0,0.0,0.0,0.0,-1,0,25
337996233,7562769,0.2,200.0,8.63,0.0,0.0,0.0,0.0,0.0,0.0,0.0,-1,0,25
338975387,7562769,0.2,200.0,13.009999,0.0,0.0,0.0,0.0,0.0,0.0,0.0,-1,0,25
339981333,7562769,0.2,200.0,17.68,0.0,0.0,0.0,0.0,0.0,0.0,0.0,-1,0,25
340987279,7562769,0.2,200.0,22.41,0.0,0.0,0.0,0.0,0.0,0.0,0.0,-1,0,25
341992812,7562769,0.2,200.0,27.08,0.0,0.0,0.0,0.0,0.0,0.0,0.0,-1,0,25
342998566,7562769,0.2,200.0,31.929998,0.0,0.0,0.0,0.0,0.0,0.0,0.0,-1,0,25
343977316,7562769,0.2,200.0,36.559998,0.0,0.0,0.0,0.0,0.0,0.0,0.0,-1,0,25
344982229,7562769,0.2,200.0,41.62,0.0,0.0,0.0,0.0,0.0,0.0,0.0,-1,0,25
345987198,7562769,0.2,200.0,46.6,0.0,0.0,0.0,0.0,0.0,0.0,0.0,-1,0,25
346992187,7562769,0.2,200.0,51.579998,0.0,0.0,0.0,0.0,0.0,0.0,0.0,-1,0,25
347971629,7562769,0.2,200.0,56.52,0.0,0.0,0.0,0.0,0.0,0.0,0.0,-1,0,25
348976542,7562769,0.2,200.0,61.559998,0.0,0.0,0.0,0.0,0.0,0.0,0.0,-1,0,25
349982532,7562769,0.2,200.0,66.46,0.0,0.0,0.0,0.0,0.0,0.0,0.0,-1,0,25
350987554,7562769,0.2,200.0,71.52,0.0,0.0,0.0,0.0,0.0,0.0,0.0,-1,0,25
351993185,7562769,0.2,200.0,76.659996,0.0,0.0,0.0,0.0,0.0,0.0,0.0,-1,0,25
352998568,7562769,0.2,200.0,81.729996,0.0,0.0,0.0,0.0,0.0,0.0,0.0,-1,0,25
353977754,7562769,0.2,200.0,86.61,0.0,0.0,0.0,0.0,0.0,0.0,0.0,-1,0,25
354983857,7562769,0.2,200.0,91.31,0.0,0.0,0.0,0.0,0.0,0.0,0.0,-1,0,25
355989063,7562769,0.2,200.0,95.43,0.0,0.0,0.0,0.0,0.0,0.0,0.0,-1,0,25
356994971,7562769,0.2,200.0,98.46,0.0,0.0,0.0,0.0,0.0,0.0,0.0,-1,0,25
358000287,7562769,0.2,200.0,100.369995,0.0,0.0,0.0,0.0,0.0,0.0,0.0,-1,0,25
358979644,7562769,0.2,200.0,100.85,0.0,0.0,0.0,0.0,0.0,0.0,0.0,-1,0,25
359985193,7562769,0.2,200.0,101.74,0.0,0.0,0.0,0.0,0.0,0.0,0.0,-1,0,25
360991569,7562769,0.2,200.0,103.79,0.0,0.0,0.0,0.0,0.0,0.0,0.0,-1,0,25
361971023,7562769,0.2,200.0,102.909996,0.0,0.0,0.0,0.0,0.0,0.0,0.0,-1,0,25
362977145,7562769,0.2,200.0,103.439995,0.0,0.0,0.0,0.0,0.0,0.0,0.0,-1,0,25
363981885,7562769,0.2,200.0,103.439995,0.0,0.0,0.0,0.0,0.0,0.0,0.0,-1,0,25
364985973,7562769,0.2,200.0,101.22,0.0,0.0,0.0,0.0,0.0,0.0,0.0,-1,0,25
365990565,7562769,0.2,200.0,94.799995,0.0,0.0,0.0,0.0,0.0,0.0,0.0,-1,0,25
366994608,7562769,0.2,200.0,96.689995,0.0,0.0,0.0,0.0,0.0,0.0,0.0,-1,0,25
367998460,7562769,0.2,200.0,101.119995,0.0,0.0,0.0,0.0,0.0,0.0,0.0,-1,0,25
368975935,7562769,0.2,200.0,101.61,0.0,0.0,0.0,0.0,0.0,0.0,0.0,-1,0,25
369980186,7562769,0.2,200.0,101.34,0.0,0.0,0.0,0.0,0.0,0.0,0.0,-1,0,25
370984473,7562769,0.2,200.0,101.299995,0.0,0.0,0.0,0.0,0.0,0.0,0.0,-1,0,25
371988328,7562769,0.2,200.0,100.89,0.0,0.0,0.0,0.0,0.0,0.0,0.0,-1,0,25
372992994,7562769,0.2,200.0,101.049995,0.0,0.0,0.0,0.0,0.0,0.0,0.0,-1,0,25
373997567,7562769,0.2,200.0,102.0,0.0,0.0,0.0,0.0,0.0,0.0,0.0,-1,0,25
374975295,7562769,0.2,200.0,102.21,0.0,0.0,0.0,0.0,0.0,0.0,0.0,-1,0,25
375979243,7562769,0.2,200.0,101.84,0.0,0.0,0.0,0.0,0.0,0.0,0.0,-1,0,25
376984059,7562769,0.2,200.0,102.119995,0.0,0.0,0.0,0.0,0.0,0.0,0.0,-1,0,25
377988134,7562769,0.2,200.0,102.1,0.0,0.0,0.0,0.0,0.0,0.0,0.0,-1,0,25
378992451,7562769,0.2,200.0,102.479996,0.0,0.0,0.0,0.0,0.0,0.0,0.0,-1,0,25
379996345,7562769,0.2,200.0,102.21,0.0,0.0,0.0,0.0,0.0,0.0,0.0,-1,0,25
380974496,7562769,0.2,200.0,96.78,0.0,0.0,0.0,0.0,0.0,0.0,0.0,-1,0,25
381978669,7562769,0.2,200.0,102.22,0.0,0.0,0.0,0.0,0.0,0.0,0.0,-1,0,25
382983047,7562769,0.2,200.0,102.53,0.0,0.0,0.0,0.0,0.0,0.0,0.0,-1,0,25
383987757,7562769,0.2,200.0,101.77,0.0,0.0,0.0,0.0,0.0,0.0,0.0,-1,0,25
384992092,7562769,0.2,200.0,102.549995,0.0,0.0,0.0,0.0,0.0,0.0,0.0,-1,0,25
385996423,7562769,0.2,200.0,94.57,0.0,0.0,0.0,0.0,0.0,0.0,0.0,-1,0,25
386973950,7562769,0.2,200.0,91.759995,0.0,0.0,0.0,0.0,0.0,0.0,0.0,-1,0,25
387977449,7562769,0.2,200.0,97.63,0.0,0.0,0.0,0.0,0.0,0.0,0.0,-1,0,25
388981953,7562769,0.2,200.0,106.46,0.0,0.0,0.0,0.0,0.0,0.0,0.0,-1,0,25
389986303,7562769,0.2,200.0,107.869995,0.0,0.0,0.0,0.0,0.0,0.0,0.0,-1,0,25
390990748,7562769,0.2,200.0,107.07,0.0,0.0,0.0,0.0,0.0,0.0,0.0,-1,0,25
391995283,7562769,0.2,200.0,106.39,0.0,0.0,0.0,0.0,0.0,0.0,0.0,-1,0,25
392973506,7562769,0.2,200.0,97.72,0.0,0.0,0.0,0.0,0.0,0.0,0.0,-1,0,25
393977731,7562769,0.2,200.0,104.88,0.0,0.0,0.0,0.0,0.0,0.0,0.0,-1,0,25
394981456,7562769,0.2,200.0,98.56,0.0,0.0,0.0,0.0,0.0,0.0,0.0,-1,0,25
395985750,7562769,0.2,200.0,101.369995,0.0,0.0,0.0,0.0,0.0,0.0,0.0,-1,0,25
396989981,7562769,0.2,200.0,120.52,0.0,0.0,0.0,0.0,0.0,0.0,0.0,-1,0,25
397993737,7562769,0.2,200.0,119.75,0.0,0.0,0.0,0.0,0.0,0.0,0.0,-1,0,25
398998467,7562769,0.2,200.0,120.67,0.0,0.0,0.0,0.0,0.0,0.0,0.0,-1,0,25
399975607,7562769,0.2,200.0,127.009995,0.0,0.0,0.0,0.0,0.0,0.0,0.0,-1,0,25
400979853,7562769,0.2,200.0,118.99,0.0,0.0,0.0,0.0,0.0,0.0,0.0,-1,0,25
401984258,7562769,0.2,200.0,110.35,0.0,0.0,0.0,0.0,0.0,0.0,0.0,-1,0,25
402988572,7562769,0.2,200.0,109.149994,0.0,0.0,0.0,0.0,0.0,0.0,0.0,-1,0,25
403993134,7562769,0.2,200.0,109.619995,0.0,0.0,0.0,0.0,0.0,0.0,0.0,-1,0,25
404997159,7562769,0.2,200.0,112.579994,0.0,0.0,0.0,0.0,0.0,0.0,0.0,-1,0,25
405975315,7562769,0.2,200.0,115.28,0.0,0.0,0.0,0.0,0.0,0.0,0.0,-1,0,25
406979760,7562769,0.2,200.0,120.2,0.0,0.0,0.0,0.0,0.0,0.0,0.0,-1,0,25
407984171,7562769,0.2,200.0,127.53,0.0,0.0,0.0,0.0,0.0,0.0,0.0,-1,0,25
408988973,7562769,0.2,200.0,132.28,0.0,0.0,0.0,0.0,0.0,0.0,0.0,-1,0,25
409993031,7562769,0.2,200.0,134.27,0.0,0.0,0.0,0.0,0.0,0.0,0.0,-1,0,25
410970864,7562769,0.2,200.0,130.28,0.0,0.0,0.0,0.0,0.0,0.0,0.0,-1,0,25
411975834,7562769,0.2,200.0,126.259995,0.0,0.0,0.0,0.0,0.0,0.0,0.0,-1,0,25
412979748,7562769,0.2,200.0,124.82,0.0,0.0,0.0,0.0,0.0,0.0,0.0,-1,0,25
413984423,7562769,0.2,200.0,122.74,0.0,0.0,0.0,0.0,0.0,0.0,0.0,-1,0,25
414989342,7562769,0.2,200.0,115.369995,0.0,0.0,0.0,0.0,0.0,0.0,0.0,-1,0,25
415994353,7562769,0.2,200.0,115.18,0.0,0.0,0.0,0.0,0.0,0.0,0.0,-1,0,25
416998636,7562769,0.2,200.0,109.84,0.0,0.0,0.0,0.0,0.0,0.0,0.0,-1,0,25
417976683,7562769,0.2,200.0,111.42,0.0,0.0,0.0,0.0,0.0,0.0,0.0,-1,0,25
418980276,7562769,0.2,200.0,109.759995,0.0,0.0,0.0,0.0,0.0,0.0,0.0,-1,0,25
419984702,7562769,0.2,200.0,108.2,0.0,0.0,0.0,0.0,0.0,0.0,0.0,-1,0,25
420989750,7562769,0.2,200.0,107.63,0.0,0.0,0.0,0.0,0.0,0.0,0.0,-1,0,25
421994108,7562769,0.2,200.0,107.899994,0.0,0.0,0.0,0.0,0.0,0.0,0.0,-1,0,25
422997915,7562769,0.2,200.0,106.869995,0.0,0.0,0.0,0.0,0.0,0.0,0.0,-1,0,25
423975103,7562769,0.2,200.0,106.909996,0.0,0.0,0.0,0.0,0.0,0.0,0.0,-1,0,25
424979103,7562769,0.2,200.0,108.38,0.0,0.0,0.0,0.0,0.0,0.0,0.0,-1,0,25
425983409,7562769,0.2,200.0,110.7,0.0,0.0,0.0,0.0,0.0,0.0,0.0,-1,0,25
426987562,7562769,0.2,200.0,112.27,0.0,0.0,0.0,0.0,0.0,0.0,0.0,-1,0,25
427991451,7562769,0.2,200.0,113.34,0.0,0.0,0.0,0.0,0.0,0.0,0.0,-1,0,25
428995521,7562769,0.2,200.0,114.52,0.0,0.0,0.0,0.0,0.0,0.0,0.0,-1,0,25
429973730,7562769,0.2,200.0,115.6,0.0,0.0,0.0,0.0,0.0,0.0,0.0,-1,0,25
430977785,7562769,0.2,200.0,117.7,0.0,0.0,0.0,0.0,0.0,0.0,0.0,-1,0,25
431981952,7562769,0.2,200.0,119.45,0.0,0.0,0.0,0.0,0.0,0.0,0.0,-1,0,25
432986366,7562769,0.2,200.0,123.32,0.0,0.0,0.0,0.0,0.0,0.0,0.0,-1,0,25
433990820,7562769,0.2,200.0,117.86,0.0,0.0,0.0,0.0,0.0,0.0,0.0,-1,0,25
434994752,7562769,0.2,200.0,121.899994,0.0,0.0,0.0,0.0,0.0,0.0,0.0,-1,0,25
435972395,7562769,0.2,200.0,130.95,0.0,0.0,0.0,0.0,0.0,0.0,0.0,-1,0,25
436977065,7562769,0.2,200.0,127.5,0.0,0.0,0.0,0.0,0.0,0.0,0.0,-1,0,25
437981589,7562769,0.2,200.0,135.06999,0.0,0.0,0.0,0.0,0.0,0.0,0.0,-1,0,25
438986310,7562769,0.2,200.0,144.91,0.0,0.0,0.0,0.0,0.0,0.0,0.0,-1,0,25
439990812,7562769,0.2,200.0,149.34,0.0,0.0,0.0,0.0,0.0,0.0,0.0,-1,0,25
440995075,7562769,0.2,200.0,147.25,0.0,0.0,0.0,0.0,0.0,0.0,0.0,-1,0,25
441999100,7562769,0.2,200.0,130.48999,0.0,0.0,0.0,0.0,0.0,0.0,0.0,-1,0,25
442977051,7562769,0.2,200.0,127.759995,0.0,0.0,0.0,0.0,0.0,0.0,0.0,-1,0,25
443981757,7562769,0.2,200.0,121.96,0.0,0.0,0.0,0.0,0.0,0.0,0.0,-1,0,25
444986164,7562769,0.2,200.0,117.96999,0.0,0.0,0.0,0.0,0.0,0.0,0.0,-1,0,25
445990380,7562769,0.2,200.0,118.24,0.0,0.0,0.0,0.0,0.0,0.0,0.0,-1,0,25
446995305,7562769,0.2,200.0,113.46,0.0,0.0,0.0,0.0,0.0,0.0,0.0,-1,0,25
447972969,7562769,0.2,200.0,110.1,0.0,0.0,0.0,0.0,0.0,0.0,0.0,-1,0,25
448977475,7562769,0.2,200.0,109.979996,0.0,0.0,0.0,0.0,0.0,0.0,0.0,-1,0,25
449981908,7562769,0.2,200.0,108.67,0.0,0.0,0.0,0.0,0.0,0.0,0.0,-1,0,25
450986517,7562769,0.2,200.0,108.13,0.0,0.0,0.0,0.0,0.0,0.0,0.0,-1,0,25
451990849,7562769,0.2,200.0,107.13,0.0,0.0,0.0,0.0,0.0,0.0,0.0,-1,0,25
452995186,7562769,0.2,200.0,102.479996,0.0,0.0,0.0,0.0,0.0,0.0,0.0,-1,0,25
453972860,7562769,0.2,200.0,106.18,0.0,0.0,0.0,0.0,0.0,0.0,0.0,-1,0,25
454976727,7562769,0.2,200.0,107.1,0.0,0.0,0.0,0.0,0.0,0.0,0.0,-1,0,25
455980779,7562769,0.2,200.0,109.35,0.0,0.0,0.0,0.0,0.0,0.0,0.0,-1,0,25
456985328,7562769,0.2,200.0,111.47,0.0,0.0,0.0,0.0,0.0,0.0,0.0,-1,0,25
457989705,7562769,0.2,200.0,113.36,0.0,0.0,0.0,0.0,0.0,0.0,0.0,-1,0,25
458993712,7562769,0.2,200.0,113.689995,0.0,0.0,0.0,0.0,0.0,0.0,0.0,-1,0,25
459971010,7562769,0.2,200.0,113.88,0.0,0.0,0.0,0.0,0.0,0.0,0.0,-1,0,25
460976322,7562769,0.2,200.0,116.49,0.0,0.0,0.0,0.0,0.0,0.0,0.0,-1,0,25
461980939,7562769,0.2,200.0,120.74,0.0,0.0,0.0,0.0,0.0,0.0,0.0,-1,0,25
462985573,7562769,0.2,200.0,124.36,0.0,0.0,0.0,0.0,0.0,0.0,0.0,-1,0,25
463989844,7562769,0.2,200.0,111.24,0.0,0.0,0.0,0.0,0.0,0.0,0.0,-1,0,25
464994111,7562769,0.2,200.0,117.28,0.0,0.0,0.0,0.0,0.0,0.0,0.0,-1,0,25
465998658,7562769,0.2,200.0,140.22,0.0,0.0,0.0,0.0,0.0,0.0,0.0,-1,0,25
466976811,7562769,0.2,200.0,140.23999,0.0,0.0,0.0,0.0,0.0,0.0,0.0,-1,0,25
467981310,7562769,0.2,200.0,143.11,0.0,0.0,0.0,0.0,0.0,0.0,0.0,-1,0,25
468985730,7562769,0.2,200.0,154.2,0.0,0.0,0.0,0.0,0.0,0.0,0.0,-1,0,25
469989736,7562769,0.2,200.0,145.45,0.0,0.0,0.0,0.0,0.0,0.0,0.0,-1,0,25
470994774,7562769,0.2,200.0,145.36,0.0,0.0,0.0,0.0,0.0,0.0,0.0,-1,0,25
471972572,7562769,0.2,200.0,128.28,0.0,0.0,0.0,0.0,0.0,0.0,0.0,-1,0,25
472976928,7562769,0.2,200.0,128.43,0.0,0.0,0.0,0.0,0.0,0.0,0.0,-1,0,25
473981526,7562769,0.2,200.0,123.369995,0.0,0.0,0.0,0.0,0.0,0.0,0.0,-1,0,25
474985519,7562769,0.2,200.0,120.119995,0.0,0.0,0.0,0.0,0.0,0.0,0.0,-1,0,25
475989555,7562769,0.2,200.0,116.35,0.0,0.0,0.0,0.0,0.0,0.0,0.0,-1,0,25
476993249,7562769,0.2,200.0,114.42,0.0,0.0,0.0,0.0,0.0,0.0,0.0,-1,0,25
477971306,7562769,0.2,200.0,111.56,0.0,0.0,0.0,0.0,0.0,0.0,0.0,-1,0,25
478975592,7562769,0.2,200.0,110.17,0.0,0.0,0.0,0.0,0.0,0.0,0.0,-1,0,25
479979556,7562769,0.2,200.0,108.54,0.0,0.0,0.0,0.0,0.0,0.0,0.0,-1,0,25
480983508,7562769,0.2,200.0,108.39,0.0,0.0,0.0,0.0,0.0,0.0,0.0,-1,0,25
481987504,7562769,0.2,200.0,107.689995,0.0,0.0,0.0,0.0,0.0,0.0,0.0,-1,0,25
482992032,7562769,0.2,200.0,104.95,0.0,0.0,0.0,0.0,0.0,0.0,0.0,-1,0,25
483995743,7562769,0.2,200.0,102.009995,0.0,0.0,0.0,0.0,0.0,0.0,0.0,-1,0,25
484973067,7562769,0.2,200.0,109.56,0.0,0.0,0.0,0.0,0.0,0.0,0.0,-1,0,25
485976766,7562769,0.2,200.0,110.649994,0.0,0.0,0.0,0.0,0.0,0.0,0.0,-1,0,25
486981545,7562769,0.2,200.0,112.689995,0.0,0.0,0.0,0.0,0.0,0.0,0.0,-1,0,25
487985673,7562769,0.2,200.0,112.27,0.0,0.0,0.0,0.0,0.0,0.0,0.0,-1,0,25
488989891,7562769,0.2,200.0,114.549995,0.0,0.0,0.0,0.0,0.0,0.0,0.0,-1,0,25
489994815,7562769,0.2,200.0,114.09,0.0,0.0,0.0,0.0,0.0,0.0,0.0,-1,0,25
490998798,7562769,0.2,200.0,115.329994,0.0,0.0,0.0,0.0,0.0,0.0,0.0,-1,0,25
491976786,7562769,0.2,200.0,121.649994,0.0,0.0,0.0,0.0,0.0,0.0,0.0,-1,0,25
492981692,7562769,0.2,200.0,122.68,0.0,0.0,0.0,0.0,0.0,0.0,0.0,-1,0,25
493985707,7562769,0.2,200.0,117.42,0.0,0.0,0.0,0.0,0.0,0.0,0.0,-1,0,25
494989849,7562769,0.2,200.0,127.409996,0.0,0.0,0.0,0.0,0.0,0.0,0.0,-1,0,25
495994304,7562769,0.2,200.0,145.61,0.0,0.0,0.0,0.0,0.0,0.0,0.0,-1,0,25
496998320,7562769,0.2,200.0,138.0,0.0,0.0,0.0,0.0,0.0,0.0,0.0,-1,0,25
497976120,7562769,0.2,200.0,151.34,0.0,0.0,0.0,0.0,0.0,0.0,0.0,-1,0,25
498979784,7562769,0.2,200.0,152.66,0.0,0.0,0.0,0.0,0.0,0.0,0.0,-1,0,25
499984374,7562769,0.2,200.0,143.87,0.0,0.0,0.0,0.0,0.0,0.0,0.0,-1,0,25
500988586,7562769,0.2,200.0,128.87999,0.0,0.0,0.0,0.0,0.0,0.0,0.0,-1,0,25
501993105,7562769,0.2,200.0,132.73999,0.0,0.0,0.0,0.0,0.0,0.0,0.0,-1,0,25
502997113,7562769,0.2,200.0,121.82,0.0,0.0,0.0,0.0,0.0,0.0,0.0,-1,0,25
503974520,7562769,0.2,200.0,120.409996,0.0,0.0,0.0,0.0,0.0,0.0,0.0,-1,0,25
504978840,7562769,0.2,200.0,115.78,0.0,0.0,0.0,0.0,0.0,0.0,0.0,-1,0,25
505982720,7562769,0.2,200.0,113.11,0.0,0.0,0.0,0.0,0.0,0.0,0.0,-1,0,25
506986314,7562769,0.2,200.0,111.14,0.0,0.0,0.0,0.0,0.0,0.0,0.0,-1,0,25
507990804,7562769,0.2,200.0,111.75,0.0,0.0,0.0,0.0,0.0,0.0,0.0,-1,0,25
508995728,7562769,0.2,200.0,109.84,0.0,0.0,0.0,0.0,0.0,0.0,0.0,-1,0,25
509973437,7562769,0.2,200.0,107.59,0.0,0.0,0.0,0.0,0.0,0.0,0.0,-1,0,25
510977684,7562769,0.2,200.0,108.439995,0.0,0.0,0.0,0.0,0.0,0.0,0.0,-1,0,25
511981940,7562769,0.2,200.0,107.74,0.0,0.0,0.0,0.0,0.0,0.0,0.0,-1,0,25
512986752,7562769,0.2,200.0,106.479996,0.0,0.0,0.0,0.0,0.0,0.0,0.0,-1,0,25
513990717,7562769,0.2,200.0,108.32,0.0,0.0,0.0,0.0,0.0,0.0,0.0,-1,0,25
514994238,7562769,0.2,200.0,110.97,0.0,0.0,0.0,0.0,0.0,0.0,0.0,-1,0,25
515971766,7562769,0.2,200.0,112.24,0.0,0.0,0.0,0.0,0.0,0.0,0.0,-1,0,25
516975533,7562769,0.2,200.0,113.479996,0.0,0.0,0.0,0.0,0.0,0.0,0.0,-1,0,25
517980153,7562769,0.2,200.0,115.75,0.0,0.0,0.0,0.0,0.0,0.0,0.0,-1,0,25
518984671,7562769,0.2,200.0,116.869995,0.0,0.0,0.0,0.0,0.0,0.0,0.0,-1,0,25
519989251,7562769,0.2,200.0,118.6,0.0,0.0,0.0,0.0,0.0,0.0,0.0,-1,0,25
520994195,7562769,0.2,200.0,120.81,0.0,0.0,0.0,0.0,0.0,0.0,0.0,-1,0,25
521998056,7562769,0.2,200.0,124.11,0.0,0.0,0.0,0.0,0.0,0.0,0.0,-1,0,25
522977068,7562769,0.2,200.0,125.21999,0.0,0.0,0.0,0.0,0.0,0.0,0.0,-1,0,25
523981957,7562769,0.2,200.0,132.61,0.0,0.0,0.0,0.0,0.0,0.0,0.0,-1,0,25
524986035,7562769,0.2,200.0,143.39,0.0,0.0,0.0,0.0,0.0,0.0,0.0,-1,0,25
525990585,7562769,0.2,200.0,139.73,0.0,0.0,0.0,0.0,0.0,0.0,0.0,-1,0,25
526994139,7562769,0.2,200.0,156.15,0.0,0.0,0.0,0.0,0.0,0.0,0.0,-1,0,25
527998431,7562769,0.2,200.0,159.03,0.0,0.0,0.0,0.0,0.0,0.0,0.0,-1,0,25
528976202,7562769,0.2,200.0,150.73,0.0,0.0,0.0,0.0,0.0,0.0,0.0,-1,0,25
529980456,7562769,0.2,200.0,135.37,0.0,0.0,0.0,0.0,0.0,0.0,0.0,-1,0,25
530984529,7562769,0.2,200.0,129.15,0.0,0.0,0.0,0.0,0.0,0.0,0.0,-1,0,25
531988626,7562769,0.2,200.0,126.61,0.0,0.0,0.0,0.0,0.0,0.0,0.0,-1,0,25
532993279,7562769,0.2,200.0,116.29,0.0,0.0,0.0,0.0,0.0,0.0,0.0,-1,0,25
533971848,7562769,0.2,200.0,114.43,0.0,0.0,0.0,0.0,0.0,0.0,0.0,-1,0,25
534976363,7562769,0.2,200.0,112.079994,0.0,0.0,0.0,0.0,0.0,0.0,0.0,-1,0,25
535980394,7562769,0.2,200.0,111.21,0.0,0.0,0.0,0.0,0.0,0.0,0.0,-1,0,25
536984172,7562769,0.2,200.0,109.869995,0.0,0.0,0.0,0.0,0.0,0.0,0.0,-1,0,25
537988726,7562769,0.2,200.0,108.759995,0.0,0.0,0.0,0.0,0.0,0.0,0.0,-1,0,25
538993247,7562769,0.2,200.0,108.09,0.0,0.0,0.0,0.0,0.0,0.0,0.0,-1,0,25
539997376,7562769,0.2,200.0,109.52,0.0,0.0,0.0,0.0,0.0,0.0,0.0,-1,0,25
540974637,7562769,0.2,200.0,106.89,0.0,0.0,0.0,0.0,0.0,0.0,0.0,-1,0,25
541979021,7562769,0.2,200.0,101.22,0.0,0.0,0.0,0.0,0.0,0.0,0.0,-1,0,25
542982668,7562769,0.2,200.0,108.72,0.0,0.0,0.0,0.0,0.0,0.0,0.0,-1,0,25
543986833,7562769,0.2,200.0,110.46,0.0,0.0,0.0,0.0,0.0,0.0,0.0,-1,0,25
544991171,7562769,0.2,200.0,112.46,0.0,0.0,0.0,0.0,0.0,0.0,0.0,-1,0,25
545995374,7562769,0.2,200.0,113.32,0.0,0.0,0.0,0.0,0.0,0.0,0.0,-1,0,25
546998904,7562769,0.2,200.0,114.399994,0.0,0.0,0.0,0.0,0.0,0.0,0.0,-1,0,25
547977451,7562769,0.2,200.0,115.18,0.0,0.0,0.0,0.0,0.0,0.0,0.0,-1,0,25
548981779,7562769,0.2,200.0,117.99,0.0,0.0,0.0,0.0,0.0,0.0,0.0,-1,0,25
549986007,7562769,0.2,200.0,120.689995,0.0,0.0,0.0,0.0,0.0,0.0,0.0,-1,0,25
550990181,7562769,0.2,200.0,121.979996,0.0,0.0,0.0,0.0,0.0,0.0,0.0,-1,0,25
551994292,7562769,0.2,200.0,115.14,0.0,0.0,0.0,0.0,0.0,0.0,0.0,-1,0,25
552998412,7562769,0.2,200.0,126.229996,0.0,0.0,0.0,0.0,0.0,0.0,0.0,-1,0,25
553975956,7562769,0.2,200.0,135.70999,0.0,0.0,0.0,0.0,0.0,0.0,0.0,-1,0,25
554979914,7562769,0.2,200.0,131.59999,0.0,0.0,0.0,0.0,0.0,0.0,0.0,-1,0,25
555984026,7562769,0.2,200.0,142.69,0.0,0.0,0.0,0.0,0.0,0.0,0.0,-1,0,25
556987280,7562769,0.2,200.0,146.45999,0.0,0.0,0.0,0.0,0.0,0.0,0.0,-1,0,25
557991537,7562769,0.2,200.0,148.47,0.0,0.0,0.0,0.0,0.0,0.0,0.0,-1,0,25
558995938,7562769,0.2,200.0,136.73999,0.0,0.0,0.0,0.0,0.0,0.0,0.0,-1,0,25
559973812,7562769,0.2,200.0,131.01,0.0,0.0,0.0,0.0,0.0,0.0,0.0,-1,0,25
560977877,7562769,0.2,200.0,122.979996,0.0,0.0,0.0,0.0,0.0,0.0,0.0,-1,0,25
561982405,7562769,0.2,200.0,118.0,0.0,0.0,0.0,0.0,0.0,0.0,0.0,-1,0,25
562986833,7562769,0.2,200.0,114.939995,0.0,0.0,0.0,0.0,0.0,0.0,0.0,-1,0,25
563991155,7562769,0.2,200.0,114.13,0.0,0.0,0.0,0.0,0.0,0.0,0.0,-1,0,25
564994954,7562769,0.2,200.0,109.18,0.0,0.0,0.0,0.0,0.0,0.0,0.0,-1,0,25
565972924,7562769,0.2,200.0,108.36,0.0,0.0,0.0,0.0,0.0,0.0,0.0,-1,0,25
566976890,7562769,0.2,200.0,109.1,0.0,0.0,0.0,0.0,0.0,0.0,0.0,-1,0,25
567981614,7562769,0.2,200.0,108.86,0.0,0.0,0.0,0.0,0.0,0.0,0.0,-1,0,25
568985326,7562769,0.2,200.0,107.36,0.0,0.0,0.0,0.0,0.0,0.0,0.0,-1,0,25
569990193,7562769,0.2,200.0,106.97,0.0,0.0,0.0,0.0,0.0,0.0,0.0,-1,0,25
570994499,7562769,0.2,200.0,100.0,0.0,0.0,0.0,0.0,0.0,0.0,0.0,-1,0,25
571972322,7562769,0.2,200.0,107.56,0.0,0.0,0.0,0.0,0.0,0.0,0.0,-1,0,25
572976781,7562769,0.2,200.0,109.49,0.0,0.0,0.0,0.0,0.0,0.0,0.0,-1,0,25
573980927,7562769,0.2,200.0,109.53,0.0,0.0,0.0,0.0,0.0,0.0,0.0,-1,0,25
574986183,7562769,0.2,200.0,110.86,0.0,0.0,0.0,0.0,0.0,0.0,0.0,-1,0,25
575990311,7562769,0.2,200.0,112.259995,0.0,0.0,0.0,0.0,0.0,0.0,0.0,-1,0,25
576994242,7562769,0.2,200.0,112.89,0.0,0.0,0.0,0.0,0.0,0.0,0.0,-1,0,25
577998513,7562769,0.2,200.0,113.86,0.0,0.0,0.0,0.0,0.0,0.0,0.0,-1,0,25
578976265,7562769,0.2,200.0,119.46999,0.0,0.0,0.0,0.0,0.0,0.0,0.0,-1,0,25
579981527,7562769,0.2,200.0,120.99,0.0,0.0,0.0,0.0,0.0,0.0,0.0,-1,0,25
580985540,7562769,0.2,200.0,122.96999,0.0,0.0,0.0,0.0,0.0,0.0,0.0,-1,0,25
581990229,7562769,0.2,200.0,117.64,0.0,0.0,0.0,0.0,0.0,0.0,0.0,-1,0,25
582994998,7562769,0.2,200.0,137.67,0.0,0.0,0.0,0.0,0.0,0.0,0.0,-1,0,25
583973351,7562769,0.2,200.0,130.56,0.0,0.0,0.0,0.0,0.0,0.0,0.0,-1,0,25
584977881,7562769,0.2,200.0,138.2,0.0,0.0,0.0,0.0,0.0,0.0,0.0,-1,0,25
585982392,7562769,0.2,200.0,148.25,0.0,0.0,0.0,0.0,0.0,0.0,0.0,-1,0,25
586986302,7562769,0.2,200.0,143.9,0.0,0.0,0.0,0.0,0.0,0.0,0.0,-1,0,25
587989831,7562769,0.2,200.0,152.39,0.0,0.0,0.0,0.0,0.0,0.0,0.0,-1,0,25
588993798,7562769,0.2,200.0,128.87999,0.0,0.0,0.0,0.0,0.0,0.0,0.0,-1,0,25
589971552,7562769,0.2,200.0,126.579994,0.0,0.0,0.0,0.0,0.0,0.0,0.0,-1,0,25
590975557,7562769,0.2,200.0,122.04,0.0,0.0,0.0,0.0,0.0,0.0,0.0,-1,0,25
591979050,7562769,0.2,200.0,121.35,0.0,0.0,0.0,0.0,0.0,0.0,0.0,-1,0,25
592983843,7562769,0.2,200.0,115.14,0.0,0.0,0.0,0.0,0.0,0.0,0.0,-1,0,25
593988590,7562769,0.2,200.0,110.88,0.0,0.0,0.0,0.0,0.0,0.0,0.0,-1,0,25
594992756,7562769,0.2,200.0,111.5,0.0,0.0,0.0,0.0,0.0,0.0,0.0,-1,0,25
595997106,7562769,0.2,200.0,110.329994,0.0,0.0,0.0,0.0,0.0,0.0,0.0,-1,0,25
596974521,7562769,0.2,200.0,107.86,0.0,0.0,0.0,0.0,0.0,0.0,0.0,-1,0,25
597978488,7562769,0.2,200.0,106.35,0.0,0.0,0.0,0.0,0.0,0.0,0.0,-1,0,25
598982581,7562769,0.2,200.0,107.43,0.0,0.0,0.0,0.0,0.0,0.0,0.0,-1,0,25
599987021,7562769,0.2,200.0,106.67,0.0,0.0,0.0,0.0,0.0,0.0,0.0,-1,0,25
600991075,7562769,0.2,200.0,100.71,0.0,0.0,0.0,0.0,0.0,0.0,0.0,-1,0,25
601995073,7562769,0.2,200.0,107.59,0.0,0.0,0.0,0.0,0.0,0.0,0.0,-1,0,25
602999411,7562769,0.2,200.0,108.619995,0.0,0.0,0.0,0.0,0.0,0.0,0.0,-1,0,25
603977314,7562769,0.2,200.0,109.159996,0.0,0.0,0.0,0.0,0.0,0.0,0.0,-1,0,25
604981994,7562769,0.2,200.0,111.14,0.0,0.0,0.0,0.0,0.0,0.0,0.0,-1,0,25
605985929,7562769,0.2,200.0,109.64,0.0,0.0,0.0,0.0,0.0,0.0,0.0,-1,0,25
606990350,7562769,0.2,200.0,111.85,0.0,0.0,0.0,0.0,0.0,0.0,0.0,-1,0,25
607994854,7562769,0.2,200.0,113.409996,0.0,0.0,0.0,0.0,0.0,0.0,0.0,-1,0,25
608999044,7562769,0.2,200.0,116.04,0.0,0.0,0.0,0.0,0.0,0.0,0.0,-1,0,25
609977076,7562769,0.2,200.0,119.399994,0.0,0.0,0.0,0.0,0.0,0.0,0.0,-1,0,25
610981959,7562769,0.2,200.0,121.1,0.0,0.0,0.0,0.0,0.0,0.0,0.0,-1,0,25
611986033,7562769,0.2,200.0,114.439995,0.0,0.0,0.0,0.0,0.0,0.0,0.0,-1,0,25
612990397,7562769,0.2,200.0,125.95,0.0,0.0,0.0,0.0,0.0,0.0,0.0,-1,0,25
613993863,7562769,0.2,200.0,148.86,0.0,0.0,0.0,0.0,0.0,0.0,0.0,-1,0,25
614972227,7562769,0.2,200.0,137.01,0.0,0.0,0.0,0.0,0.0,0.0,0.0,-1,0,25
615977068,7562769,0.2,200.0,152.12,0.0,0.0,0.0,0.0,0.0,0.0,0.0,-1,0,25
616981279,7562769,0.2,200.0,156.54,0.0,0.0,0.0,0.0,0.0,0.0,0.0,-1,0,25
617985532,7562769,0.2,200.0,151.76999,0.0,0.0,0.0,0.0,0.0,0.0,0.0,-1,0,25
618990113,7562769,0.2,200.0,132.54,0.0,0.0,0.0,0.0,0.0,0.0,0.0,-1,0,25
619994470,7562769,0.2,200.0,126.96999,0.0,0.0,0.0,0.0,0.0,0.0,0.0,-1,0,25
620971893,7562769,0.2,200.0,130.95999,0.0,0.0,0.0,0.0,0.0,0.0,0.0,-1,0,25
621976632,7562769,0.2,200.0,119.52,0.0,0.0,0.0,0.0,0.0,0.0,0.0,-1,0,25
622980816,7562769,0.2,200.0,113.729996,0.0,0.0,0.0,0.0,0.0,0.0,0.0,-1,0,25
623984858,7562769,0.2,200.0,111.869995,0.0,0.0,0.0,0.0,0.0,0.0,0.0,-1,0,25
624989254,7562769,0.2,200.0,109.0,0.0,0.0,0.0,0.0,0.0,0.0,0.0,-1,0,25
625994137,7562769,0.2,200.0,107.99,0.0,0.0,0.0,0.0,0.0,0.0,0.0,-1,0,25
626997890,7562769,0.2,200.0,107.47,0.0,0.0,0.0,0.0,0.0,0.0,0.0,-1,0,25
627975692,7562769,0.2,200.0,106.479996,0.0,0.0,0.0,0.0,0.0,0.0,0.0,-1,0,25
628979789,7562769,0.2,200.0,106.0,0.0,0.0,0.0,0.0,0.0,0.0,0.0,-1,0,25
629983979,7562769,0.2,200.0,105.939995,0.0,0.0,0.0,0.0,0.0,0.0,0.0,-1,0,25
630988699,7562769,0.2,200.0,105.39,0.0,0.0,0.0,0.0,0.0,0.0,0.0,-1,0,25
631993233,7562769,0.2,200.0,105.399994,0.0,0.0,0.0,0.0,0.0,0.0,0.0,-1,0,25
632997985,7562769,0.2,200.0,105.329994,0.0,0.0,0.0,0.0,0.0,0.0,0.0,-1,0,25
633976087,7562769,0.2,200.0,106.04,0.0,0.0,0.0,0.0,0.0,0.0,0.0,-1,0,25
634980450,7562769,0.2,200.0,107.86,0.0,0.0,0.0,0.0,0.0,0.0,0.0,-1,0,25
635984485,7562769,0.2,200.0,108.7,0.0,0.0,0.0,0.0,0.0,0.0,0.0,-1,0,25
636989653,7562769,0.2,200.0,108.579994,0.0,0.0,0.0,0.0,0.0,0.0,0.0,-1,0,25
637993694,7562769,0.2,200.0,110.21,0.0,0.0,0.0,0.0,0.0,0.0,0.0,-1,0,25
638972250,7562769,0.2,200.0,110.63,0.0,0.0,0.0,0.0,0.0,0.0,0.0,-1,0,25
639976650,7562769,0.2,200.0,112.25,0.0,0.0,0.0,0.0,0.0,0.0,0.0,-1,0,25
640980665,7562769,0.2,200.0,115.77,0.0,0.0,0.0,0.0,0.0,0.0,0.0,-1,0,25
641985776,7562769,0.2,200.0,122.85,0.0,0.0,0.0,0.0,0.0,0.0,0.0,-1,0,25
642990142,7562769,0.2,200.0,115.38,0.0,0.0,0.0,0.0,0.0,0.0,0.0,-1,0,25
643994381,7562769,0.2,200.0,119.56,0.0,0.0,0.0,0.0,0.0,0.0,0.0,-1,0,25
644998486,7562769,0.2,200.0,133.48,0.0,0.0,0.0,0.0,0.0,0.0,0.0,-1,0,25
645976149,7562769,0.2,200.0,138.31999,0.0,0.0,0.0,0.0,0.0,0.0,0.0,-1,0,25
646980679,7562769,0.2,200.0,136.97,0.0,0.0,0.0,0.0,0.0,0.0,0.0,-1,0,25
647985101,7562769,0.2,200.0,148.47,0.0,0.0,0.0,0.0,0.0,0.0,0.0,-1,0,25
648989091,7562769,0.2,200.0,150.9,0.0,0.0,0.0,0.0,0.0,0.0,0.0,-1,0,25
649993335,7562769,0.2,200.0,144.25,0.0,0.0,0.0,0.0,0.0,0.0,0.0,-1,0,25
650997300,7562769,0.2,200.0,134.42,0.0,0.0,0.0,0.0,0.0,0.0,0.0,-1,0,25
651974797,7562769,0.2,200.0,128.12,0.0,0.0,0.0,0.0,0.0,0.0,0.0,-1,0,25
652978741,7562769,0.2,200.0,123.7,0.0,0.0,0.0,0.0,0.0,0.0,0.0,-1,0,25
653982524,7562769,0.2,200.0,120.28,0.0,0.0,0.0,0.0,0.0,0.0,0.0,-1,0,25
654986348,7562769,0.2,200.0,116.409996,0.0,0.0,0.0,0.0,0.0,0.0,0.0,-1,0,25
655991333,7562769,0.2,200.0,114.49,0.0,0.0,0.0,0.0,0.0,0.0,0.0,-1,0,25
656995308,7562769,0.2,200.0,111.229996,0.0,0.0,0.0,0.0,0.0,0.0,0.0,-1,0,25
657973682,7562769,0.2,200.0,108.49,0.0,0.0,0.0,0.0,0.0,0.0,0.0,-1,0,25
658978035,7562769,0.2,200.0,108.93,0.0,0.0,0.0,0.0,0.0,0.0,0.0,-1,0,25
659982224,7562769,0.2,200.0,106.82,0.0,0.0,0.0,0.0,0.0,0.0,0.0,-1,0,25
660986648,7562769,0.2,200.0,107.49,0.0,0.0,0.0,0.0,0.0,0.0,0.0,-1,0,25
661990734,7562769,0.2,200.0,107.64,0.0,0.0,0.0,0.0,0.0,0.0,0.0,-1,0,25
662994394,7562769,0.2,200.0,106.13,0.0,0.0,0.0,0.0,0.0,0.0,0.0,-1,0,25
663972610,7562769,0.2,200.0,106.13,0.0,0.0,0.0,0.0,0.0,0.0,0.0,-1,0,25
664976857,7562769,0.2,200.0,107.829994,0.0,0.0,0.0,0.0,0.0,0.0,0.0,-1,0,25
665981222,7562769,0.2,200.0,109.509995,0.0,0.0,0.0,0.0,0.0,0.0,0.0,-1,0,25
666985121,7562769,0.2,200.0,110.729996,0.0,0.0,0.0,0.0,0.0,0.0,0.0,-1,0,25
667989522,7562769,0.2,200.0,110.009995,0.0,0.0,0.0,0.0,0.0,0.0,0.0,-1,0,25
668994022,7562769,0.2,200.0,112.939995,0.0,0.0,0.0,0.0,0.0,0.0,0.0,-1,0,25
669971733,7562769,0.2,200.0,114.79,0.0,0.0,0.0,0.0,0.0,0.0,0.0,-1,0,25
670975485,7562769,0.2,200.0,113.85,0.0,0.0,0.0,0.0,0.0,0.0,0.0,-1,0,25
671979677,7562769,0.2,200.0,115.799995,0.0,0.0,0.0,0.0,0.0,0.0,0.0,-1,0,25
672984267,7562769,0.2,200.0,120.96999,0.0,0.0,0.0,0.0,0.0,0.0,0.0,-1,0,25
673988399,7562769,0.2,200.0,121.46999,0.0,0.0,0.0,0.0,0.0,0.0,0.0,-1,0,25
674992244,7562769,0.2,200.0,113.409996,0.0,0.0,0.0,0.0,0.0,0.0,0.0,-1,0,25
675996541,7562769,0.2,200.0,135.58,0.0,0.0,0.0,0.0,0.0,0.0,0.0,-1,0,25
676975473,7562769,0.2,200.0,139.56999,0.0,0.0,0.0,0.0,0.0,0.0,0.0,-1,0,25
677980154,7562769,0.2,200.0,139.39,0.0,0.0,0.0,0.0,0.0,0.0,0.0,-1,0,25
678984466,7562769,0.2,200.0,149.34999,0.0,0.0,0.0,0.0,0.0,0.0,0.0,-1,0,25
679989388,7562769,0.2,200.0,147.59999,0.0,0.0,0.0,0.0,0.0,0.0,0.0,-1,0,25
680993441,7562769,0.2,200.0,144.41,0.0,0.0,0.0,0.0,0.0,0.0,0.0,-1,0,25
681998162,7562769,0.2,200.0,130.86,0.0,0.0,0.0,0.0,0.0,0.0,0.0,-1,0,25
682975594,7562769,0.2,200.0,127.5,0.0,0.0,0.0,0.0,0.0,0.0,0.0,-1,0,25
683979881,7562769,0.2,200.0,123.38,0.0,0.0,0.0,0.0,0.0,0.0,0.0,-1,0,25
684984320,7562769,0.2,200.0,119.57,0.0,0.0,0.0,0.0,0.0,0.0,0.0,-1,0,25
685988426,7562769,0.2,200.0,114.46,0.0,0.0,0.0,0.0,0.0,0.0,0.0,-1,0,25
686992833,7562769,0.2,200.0,114.649994,0.0,0.0,0.0,0.0,0.0,0.0,0.0,-1,0,25
687996987,7562769,0.2,200.0,109.95,0.0,0.0,0.0,0.0,0.0,0.0,0.0,-1,0,25
688974599,7562769,0.2,200.0,108.88,0.0,0.0,0.0,0.0,0.0,0.0,0.0,-1,0,25
689979112,7562769,0.2,200.0,109.36,0.0,0.0,0.0,0.0,0.0,0.0,0.0,-1,0,25
690983079,7562769,0.2,200.0,106.7,0.0,0.0,0.0,0.0,0.0,0.0,0.0,-1,0,25
691988015,7562769,0.2,200.0,106.649994,0.0,0.0,0.0,0.0,0.0,0.0,0.0,-1,0,25
692992393,7562769,0.2,200.0,106.799995,0.0,0.0,0.0,0.0,0.0,0.0,0.0,-1,0,25
693996536,7562769,0.2,200.0,105.88,0.0,0.0,0.0,0.0,0.0,0.0,0.0,-1,0,25
694974443,7562769,0.2,200.0,105.259995,0.0,0.0,0.0,0.0,0.0,0.0,0.0,-1,0,25
695979043,7562769,0.2,200.0,106.689995,0.0,0.0,0.0,0.0,0.0,0.0,0.0,-1,0,25
696983230,7562769,0.2,200.0,108.31,0.0,0.0,0.0,0.0,0.0,0.0,0.0,-1,0,25
697987849,7562769,0.2,200.0,109.35,0.0,0.0,0.0,0.0,0.0,0.0,0.0,-1,0,25
698992364,7562769,0.2,200.0,110.54,0.0,0.0,0.0,0.0,0.0,0.0,0.0,-1,0,25
699996537,7562769,0.2,200.0,110.43,0.0,0.0,0.0,0.0,0.0,0.0,0.0,-1,0,25
700974480,7562769,0.2,200.0,111.159996,0.0,0.0,0.0,0.0,0.0,0.0,0.0,-1,0,25
701978364,7562769,0.2,200.0,112.99,0.0,0.0,0.0,0.0,0.0,0.0,0.0,-1,0,25
702982782,7562769,0.2,200.0,114.81,0.0,0.0,0.0,0.0,0.0,0.0,0.0,-1,0,25
703986375,7562769,0.2,200.0,117.1,0.0,0.0,0.0,0.0,0.0,0.0,0.0,-1,0,25
704990472,7562769,0.2,200.0,122.71999,0.0,0.0,0.0,0.0,0.0,0.0,0.0,-1,0,25
705994758,7562769,0.2,200.0,112.39,0.0,0.0,0.0,0.0,0.0,0.0,0.0,-1,0,25
706998824,7562769,0.2,200.0,113.57,0.0,0.0,0.0,0.0,0.0,0.0,0.0,-1,0,25
707976664,7562769,0.2,200.0,134.34999,0.0,0.0,0.0,0.0,0.0,0.0,0.0,-1,0,25
708980907,7562769,0.2,200.0,136.51,0.0,0.0,0.0,0.0,0.0,0.0,0.0,-1,0,25
709984905,7562769,0.2,200.0,140.01,0.0,0.0,0.0,0.0,0.0,0.0,0.0,-1,0,25
710989474,7562769,0.2,200.0,142.66,0.0,0.0,0.0,0.0,0.0,0.0,0.0,-1,0,25
711993439,7562769,0.2,200.0,250.0,0.0,0.0,0.0,0.0,0.0,0.0,0.0,0,0,25
712997304,7562769,0.2,200.0,149.15,0.0,0.0,0.0,0.0,0.0,0.0,0.0,-1,0,25
713974534,7562769,0.2,200.0,137.59,0.0,0.0,0.0,0.0,0.0,0.0,0.0,-1,0,25
714979068,7562769,0.2,200.0,130.70999,0.0,0.0,0.0,0.0,0.0,0.0,0.0,-1,0,25
715983535,7562769,0.2,200.0,127.42,0.0,0.0,0.0,0.0,0.0,0.0,0.0,-1,0,25
716988620,7562769,0.2,200.0,121.53,0.0,0.0,0.0,0.0,0.0,0.0,0.0,-1,0,25
717993427,7562769,0.2,200.0,115.53,0.0,0.0,0.0,0.0,0.0,0.0,0.0,-1,0,25
718971406,7562769,0.2,200.0,114.54,0.0,0.0,0.0,0.0,0.0,0.0,0.0,-1,0,25
719975256,7562769,0.2,200.0,112.52,0.0,0.0,0.0,0.0,0.0,0.0,0.0,-1,0,25
720979522,7562769,0.2,200.0,109.71,0.0,0.0,0.0,0.0,0.0,0.0,0.0,-1,0,25
721983845,7562769,0.2,200.0,109.29,0.0,0.0,0.0,0.0,0.0,0.0,0.0,-1,0,25
722988396,7562769,0.2,200.0,107.64,0.0,0.0,0.0,0.0,0.0,0.0,0.0,-1,0,25
723994149,7562769,0.2,200.0,108.439995,0.0,0.0,0.0,0.0,0.0,0.0,0.0,-1,0,25
724997693,7562769,0.2,200.0,103.36,0.0,0.0,0.0,0.0,0.0,0.0,0.0,-1,0,25
725975877,7562769,0.2,200.0,107.329994,0.0,0.0,0.0,0.0,0.0,0.0,0.0,-1,0,25
726980108,7562769,0.2,200.0,109.979996,0.0,0.0,0.0,0.0,0.0,0.0,0.0,-1,0,25
727983903,7562769,0.2,200.0,110.6,0.0,0.0,0.0,0.0,0.0,0.0,0.0,-1,0,25
728988389,7562769,0.2,200.0,111.0,0.0,0.0,0.0,0.0,0.0,0.0,0.0,-1,0,25
729992315,7562769,0.2,200.0,111.24,0.0,0.0,0.0,0.0,0.0,0.0,0.0,-1,0,25
730996168,7562769,0.2,200.0,113.2,0.0,0.0,0.0,0.0,0.0,0.0,0.0,-1,0,25
731973963,7562769,0.2,200.0,114.119995,0.0,0.0,0.0,0.0,0.0,0.0,0.0,-1,0,25
732978051,7562769,0.2,200.0,115.74,0.0,0.0,0.0,0.0,0.0,0.0,0.0,-1,0,25
733982083,7562769,0.2,200.0,121.299995,0.0,0.0,0.0,0.0,0.0,0.0,0.0,-1,0,25
734986318,7562769,0.2,200.0,123.71,0.0,0.0,0.0,0.0,0.0,0.0,0.0,-1,0,25
735990737,7562769,0.2,200.0,110.1,0.0,0.0,0.0,0.0,0.0,0.0,0.0,-1,0,25
736994636,7562769,0.2,200.0,119.909996,0.0,0.0,0.0,0.0,0.0,0.0,0.0,-1,0,25
737972870,7562769,0.2,200.0,135.98999,0.0,0.0,0.0,0.0,0.0,0.0,0.0,-1,0,25
738976818,7562769,0.2,200.0,130.91,0.0,0.0,0.0,0.0,0.0,0.0,0.0,-1,0,25
739981016,7562769,0.2,200.0,138.29,0.0,0.0,0.0,0.0,0.0,0.0,0.0,-1,0,25
740985291,7562769,0.2,200.0,154.03,0.0,0.0,0.0,0.0,0.0,0.0,0.0,-1,0,25
741989286,7562769,0.2,200.0,144.8,0.0,0.0,0.0,0.0,0.0,0.0,0.0,-1,0,25
742993789,7562769,0.2,200.0,139.09999,0.0,0.0,0.0,0.0,0.0,0.0,0.0,-1,0,25
743971606,7562769,0.2,200.0,135.93,0.0,0.0,0.0,0.0,0.0,0.0,0.0,-1,0,25
744975564,7562769,0.2,200.0,130.48,0.0,0.0,0.0,0.0,0.0,0.0,0.0,-1,0,25
745980040,7562769,0.2,200.0,125.36,0.0,0.0,0.0,0.0,0.0,0.0,0.0,-1,0,25
746984401,7562769,0.2,200.0,120.09,0.0,0.0,0.0,0.0,0.0,0.0,0.0,-1,0,25
747989237,7562769,0.2,200.0,113.899994,0.0,0.0,0.0,0.0,0.0,0.0,0.0,-1,0,25
748993401,7562769,0.2,200.0,113.18,0.0,0.0,0.0,0.0,0.0,0.0,0.0,-1,0,25
749971482,7562769,0.2,200.0,112.909996,0.0,0.0,0.0,0.0,0.0,0.0,0.0,-1,0,25
750976151,7562769,0.2,200.0,109.89,0.0,0.0,0.0,0.0,0.0,0.0,0.0,-1,0,25
751980017,7562769,0.2,200.0,108.829994,0.0,0.0,0.0,0.0,0.0,0.0,0.0,-1,0,25
752983774,7562769,0.2,200.0,108.03,0.0,0.0,0.0,0.0,0.0,0.0,0.0,-1,0,25
753988737,7562769,0.2,200.0,107.909996,0.0,0.0,0.0,0.0,0.0,0.0,0.0,-1,0,25
754992877,7562769,0.2,200.0,107.11,0.0,0.0,0.0,0.0,0.0,0.0,0.0,-1,0,25
755996855,7562769,0.2,200.0,108.27,0.0,0.0,0.0,0.0,0.0,0.0,0.0,-1,0,25
756974217,7562769,0.2,200.0,109.1,0.0,0.0,0.0,0.0,0.0,0.0,0.0,-1,0,25
757978863,7562769,0.2,200.0,110.75,0.0,0.0,0.0,0.0,0.0,0.0,0.0,-1,0,25
758983037,7562769,0.2,200.0,110.979996,0.0,0.0,0.0,0.0,0.0,0.0,0.0,-1,0,25
759987541,7562769,0.2,200.0,111.979996,0.0,0.0,0.0,0.0,0.0,0.0,0.0,-1,0,25
760992133,7562769,0.2,200.0,112.409996,0.0,0.0,0.0,0.0,0.0,0.0,0.0,-1,0,25
761995907,7562769,0.2,200.0,114.47,0.0,0.0,0.0,0.0,0.0,0.0,0.0,-1,0,25
762973804,7562769,0.2,200.0,116.95,0.0,0.0,0.0,0.0,0.0,0.0,0.0,-1,0,25
763978537,7562769,0.2,200.0,121.049995,0.0,0.0,0.0,0.0,0.0,0.0,0.0,-1,0,25
764982900,7562769,0.2,200.0,122.649994,0.0,0.0,0.0,0.0,0.0,0.0,0.0,-1,0,25
765986881,7562769,0.2,200.0,110.869995,0.0,0.0,0.0,0.0,0.0,0.0,0.0,-1,0,25
766990873,7562769,0.2,200.0,130.56,0.0,0.0,0.0,0.0,0.0,0.0,0.0,-1,0,25
767995311,7562769,0.2,200.0,130.41,0.0,0.0,0.0,0.0,0.0,0.0,0.0,-1,0,25
768973743,7562769,0.2,200.0,130.20999,0.0,0.0,0.0,0.0,0.0,0.0,0.0,-1,0,25
769978762,7562769,0.2,200.0,141.9,0.0,0.0,0.0,0.0,0.0,0.0,0.0,-1,0,25
770982486,7562769,0.2,200.0,148.12999,0.0,0.0,0.0,0.0,0.0,0.0,0.0,-1,0,25
771986087,7562769,0.2,200.0,152.66,0.0,0.0,0.0,0.0,0.0,0.0,0.0,-1,0,25
772990518,7562769,0.2,200.0,141.41,0.0,0.0,0.0,0.0,0.0,0.0,0.0,-1,0,25
773994798,7562769,0.2,200.0,132.44,0.0,0.0,0.0,0.0,0.0,0.0,0.0,-1,0,25
774972873,7562769,0.2,200.0,129.52,0.0,0.0,0.0,0.0,0.0,0.0,0.0,-1,0,25
775977263,7562769,0.2,200.0,124.119995,0.0,0.0,0.0,0.0,0.0,0.0,0.0,-1,0,25
776981334,7562769,0.2,200.0,119.04,0.0,0.0,0.0,0.0,0.0,0.0,0.0,-1,0,25
777984997,7562769,0.2,200.0,116.549995,0.0,0.0,0.0,0.0,0.0,0.0,0.0,-1,0,25
778989433,7562769,0.2,200.0,115.439995,0.0,0.0,0.0,0.0,0.0,0.0,0.0,-1,0,25
779993649,7562769,0.2,200.0,111.95,0.0,0.0,0.0,0.0,0.0,0.0,0.0,-1,0,25
780997874,7562769,0.2,200.0,110.549995,0.0,0.0,0.0,0.0,0.0,0.0,0.0,-1,0,25
781975931,7562769,0.2,200.0,108.34,0.0,0.0,0.0,0.0,0.0,0.0,0.0,-1,0,25
782980052,7562769,0.2,200.0,108.32,0.0,0.0,0.0,0.0,0.0,0.0,0.0,-1,0,25
783984092,7562769,0.2,200.0,107.85,0.0,0.0,0.0,0.0,0.0,0.0,0.0,-1,0,25
784988645,7562769,0.2,200.0,107.11,0.0,0.0,0.0,0.0,0.0,0.0,0.0,-1,0,25
785992809,7562769,0.2,200.0,107.95,0.0,0.0,0.0,0.0,0.0,0.0,0.0,-1,0,25
786996787,7562769,0.2,200.0,108.95,0.0,0.0,0.0,0.0,0.0,0.0,0.0,-1,0,25
787974554,7562769,0.2,200.0,111.07,0.0,0.0,0.0,0.0,0.0,0.0,0.0,-1,0,25
788978981,7562769,0.2,200.0,111.119995,0.0,0.0,0.0,0.0,0.0,0.0,0.0,-1,0,25
789982983,7562769,0.2,200.0,111.59,0.0,0.0,0.0,0.0,0.0,0.0,0.0,-1,0,25
790986644,7562769,0.2,200.0,113.5,0.0,0.0,0.0,0.0,0.0,0.0,0.0,-1,0,25
791991323,7562769,0.2,200.0,113.939995,0.0,0.0,0.0,0.0,0.0,0.0,0.0,-1,0,25
792995241,7562769,0.2,200.0,115.85,0.0,0.0,0.0,0.0,0.0,0.0,0.0,-1,0,25
793973208,7562769,0.2,200.0,118.84,0.0,0.0,0.0,0.0,0.0,0.0,0.0,-1,0,25
794977773,7562769,0.2,200.0,121.49,0.0,0.0,0.0,0.0,0.0,0.0,0.0,-1,0,25
795981628,7562769,0.2,200.0,119.07,0.0,0.0,0.0,0.0,0.0,0.0,0.0,-1,0,25
796985110,7562769,0.2,200.0,117.159996,0.0,0.0,0.0,0.0,0.0,0.0,0.0,-1,0,25
797989231,7562769,0.2,200.0,130.83,0.0,0.0,0.0,0.0,0.0,0.0,0.0,-1,0,25
798993538,7562769,0.2,200.0,134.84999,0.0,0.0,0.0,0.0,0.0,0.0,0.0,-1,0,25
799971545,7562769,0.2,200.0,137.48999,0.0,0.0,0.0,0.0,0.0,0.0,0.0,-1,0,25
800975854,7562769,0.2,200.0,147.12,0.0,0.0,0.0,0.0,0.0,0.0,0.0,-1,0,25
801979951,7562769,0.2,200.0,138.45999,0.0,0.0,0.0,0.0,0.0,0.0,0.0,-1,0,25
802983628,7562769,0.2,200.0,143.76,0.0,0.0,0.0,0.0,0.0,0.0,0.0,-1,0,25
803987615,7562769,0.2,200.0,132.43,0.0,0.0,0.0,0.0,0.0,0.0,0.0,-1,0,25
804992251,7562769,0.2,200.0,128.9,0.0,0.0,0.0,0.0,0.0,0.0,0.0,-1,0,25
805996286,7562769,0.2,200.0,126.67,0.0,0.0,0.0,0.0,0.0,0.0,0.0,-1,0,25
806973928,7562769,0.2,200.0,120.21999,0.0,0.0,0.0,0.0,0.0,0.0,0.0,-1,0,25
807978487,7562769,0.2,200.0,119.439995,0.0,0.0,0.0,0.0,0.0,0.0,0.0,-1,0,25
808981834,7562769,0.2,200.0,115.0,0.0,0.0,0.0,0.0,0.0,0.0,0.0,-1,0,25
809985890,7562769,0.2,200.0,112.899994,0.0,0.0,0.0,0.0,0.0,0.0,0.0,-1,0,25
810990581,7562769,0.2,200.0,111.93,0.0,0.0,0.0,0.0,0.0,0.0,0.0,-1,0,25
811994943,7562769,0.2,200.0,109.96,0.0,0.0,0.0,0.0,0.0,0.0,0.0,-1,0,25
812999469,7562769,0.2,200.0,108.81,0.0,0.0,0.0,0.0,0.0,0.0,0.0,-1,0,25
813976815,7562769,0.2,200.0,107.53,0.0,0.0,0.0,0.0,0.0,0.0,0.0,-1,0,25
814980784,7562769,0.2,200.0,102.899994,0.0,0.0,0.0,0.0,0.0,0.0,0.0,-1,0,25
815984743,7562769,0.2,200.0,106.82,0.0,0.0,0.0,0.0,0.0,0.0,0.0,-1,0,25
816989118,7562769,0.2,200.0,108.2,0.0,0.0,0.0,0.0,0.0,0.0,0.0,-1,0,25
817993153,7562769,0.2,200.0,108.619995,0.0,0.0,0.0,0.0,0.0,0.0,0.0,-1,0,25
818997622,7562769,0.2,200.0,109.1,0.0,0.0,0.0,0.0,0.0,0.0,0.0,-1,0,25
819976071,7562769,0.2,200.0,109.869995,0.0,0.0,0.0,0.0,0.0,0.0,0.0,-1,0,25
820980188,7562769,0.2,200.0,112.939995,0.0,0.0,0.0,0.0,0.0,0.0,0.0,-1,0,25
821984409,7562769,0.2,200.0,111.27,0.0,0.0,0.0,0.0,0.0,0.0,0.0,-1,0,25
822988664,7562769,0.2,200.0,110.47,0.0,0.0,0.0,0.0,0.0,0.0,0.0,-1,0,25
823992505,7562769,0.2,200.0,113.42,0.0,0.0,0.0,0.0,0.0,0.0,0.0,-1,0,25
824997068,7562769,0.2,200.0,114.869995,0.0,0.0,0.0,0.0,0.0,0.0,0.0,-1,0,25
825974965,7562769,0.2,200.0,119.229996,0.0,0.0,0.0,0.0,0.0,0.0,0.0,-1,0,25
826978906,7562769,0.2,200.0,119.27,0.0,0.0,0.0,0.0,0.0,0.0,0.0,-1,0,25
827983145,7562769,0.2,200.0,113.6,0.0,0.0,0.0,0.0,0.0,0.0,0.0,-1,0,25
828987108,7562769,0.2,200.0,137.72,0.0,0.0,0.0,0.0,0.0,0.0,0.0,-1,0,25
829990565,7562769,0.2,200.0,135.31999,0.0,0.0,0.0,0.0,0.0,0.0,0.0,-1,0,25
830994553,7562769,0.2,200.0,141.31,0.0,0.0,0.0,0.0,0.0,0.0,0.0,-1,0,25
831972605,7562769,0.2,200.0,145.36,0.0,0.0,0.0,0.0,0.0,0.0,0.0,-1,0,25
832976632,7562769,0.2,200.0,159.65,0.0,0.0,0.0,0.0,0.0,0.0,0.0,-1,0,25
833979890,7562769,0.2,200.0,144.31,0.0,0.0,0.0,0.0,0.0,0.0,0.0,-1,0,25
834984233,7562769,0.2,200.0,134.62999,0.0,0.0,0.0,0.0,0.0,0.0,0.0,-1,0,25
835962763,7562769,0.2,200.0,135.19,0.0,0.0,0.0,0.0,0.0,0.0,0.0,-1,0,25
836993854,7562769,0.2,200.0,123.24,0.0,0.0,0.0,0.0,0.0,0.0,0.0,-1,0,25
837971853,7562769,0.2,200.0,120.619995,0.0,0.0,0.0,0.0,0.0,0.0,0.0,-1,0,25
838976990,7562769,0.2,200.0,114.93,0.0,0.0,0.0,0.0,0.0,0.0,0.0,-1,0,25
839981679,7562769,0.2,200.0,112.049995,0.0,0.0,0.0,0.0,0.0,0.0,0.0,-1,0,25
840986025,7562769,0.2,200.0,112.009995,0.0,0.0,0.0,0.0,0.0,0.0,0.0,-1,0,25
841990589,7562769,0.2,200.0,109.549995,0.0,0.0,0.0,0.0,0.0,0.0,0.0,-1,0,25
842995113,7562769,0.2,200.0,110.57,0.0,0.0,0.0,0.0,0.0,0.0,0.0,-1,0,25
843999445,7562769,0.2,200.0,107.46,0.0,0.0,0.0,0.0,0.0,0.0,0.0,-1,0,25
844977125,7562769,0.2,200.0,107.6,0.0,0.0,0.0,0.0,0.0,0.0,0.0,-1,0,25
845981392,7562769,0.2,200.0,107.049995,0.0,0.0,0.0,0.0,0.0,0.0,0.0,-1,0,25
846985709,7562769,0.2,200.0,106.63,0.0,0.0,0.0,0.0,0.0,0.0,0.0,-1,0,25
847989473,7562769,0.2,200.0,106.63,0.0,0.0,0.0,0.0,0.0,0.0,0.0,-1,0,25
848994471,7562769,0.2,200.0,108.07,0.0,0.0,0.0,0.0,0.0,0.0,0.0,-1,0,25
849998886,7562769,0.2,200.0,109.09,0.0,0.0,0.0,0.0,0.0,0.0,0.0,-1,0,25
850975976,7562769,0.2,200.0,109.939995,0.0,0.0,0.0,0.0,0.0,0.0,0.0,-1,0,25
851980479,7562769,0.2,200.0,110.869995,0.0,0.0,0.0,0.0,0.0,0.0,0.0,-1,0,25
852984447,7562769,0.2,200.0,111.93,0.0,0.0,0.0,0.0,0.0,0.0,0.0,-1,0,25
853988853,7562769,0.2,200.0,112.21,0.0,0.0,0.0,0.0,0.0,0.0,0.0,-1,0,25
854993190,7562769,0.2,200.0,115.61,0.0,0.0,0.0,0.0,0.0,0.0,0.0,-1,0,25
855997321,7562769,0.2,200.0,117.32,0.0,0.0,0.0,0.0,0.0,0.0,0.0,-1,0,25
856975700,7562769,0.2,200.0,120.579994,0.0,0.0,0.0,0.0,0.0,0.0,0.0,-1,0,25
857980302,7562769,0.2,200.0,122.78,0.0,0.0,0.0,0.0,0.0,0.0,0.0,-1,0,25
858984460,7562769,0.2,200.0,115.899994,0.0,0.0,0.0,0.0,0.0,0.0,0.0,-1,0,25
859988469,7562769,0.2,200.0,124.549995,0.0,0.0,0.0,0.0,0.0,0.0,0.0,-1,0,25
860992608,7562769,0.2,200.0,138.19,0.0,0.0,0.0,0.0,0.0,0.0,0.0,-1,0,25
861997095,7562769,0.2,200.0,126.759995,0.0,0.0,0.0,0.0,0.0,0.0,0.0,-1,0,25
862975545,7562769,0.2,200.0,143.95999,0.0,0.0,0.0,0.0,0.0,0.0,0.0,-1,0,25
863978764,7562769,0.2,200.0,157.86,0.0,0.0,0.0,0.0,0.0,0.0,0.0,-1,0,25
864983685,7562769,0.2,200.0,156.81,0.0,0.0,0.0,0.0,0.0,0.0,0.0,-1,0,25
865988068,7562769,0.2,200.0,136.76,0.0,0.0,0.0,0.0,0.0,0.0,0.0,-1,0,25
866992047,7562769,0.2,200.0,137.53,0.0,0.0,0.0,0.0,0.0,0.0,0.0,-1,0,25
867996525,7562769,0.2,200.0,129.09,0.0,0.0,0.0,0.0,0.0,0.0,0.0,-1,0,25
868974862,7562769,0.2,200.0,125.11,0.0,0.0,0.0,0.0,0.0,0.0,0.0,-1,0,25
869979489,7562769,0.2,200.0,118.439995,0.0,0.0,0.0,0.0,0.0,0.0,0.0,-1,0,25
870984460,7562769,0.2,200.0,116.119995,0.0,0.0,0.0,0.0,0.0,0.0,0.0,-1,0,25
871988468,7562769,0.2,200.0,109.909996,0.0,0.0,0.0,0.0,0.0,0.0,0.0,-1,0,25
872993272,7562769,0.2,200.0,113.079994,0.0,0.0,0.0,0.0,0.0,0.0,0.0,-1,0,25
873997219,7562769,0.2,200.0,107.399994,0.0,0.0,0.0,0.0,0.0,0.0,0.0,-1,0,25
874975489,7562769,0.2,200.0,107.729996,0.0,0.0,0.0,0.0,0.0,0.0,0.0,-1,0,25
875979631,7562769,0.2,200.0,106.96,0.0,0.0,0.0,0.0,0.0,0.0,0.0,-1,0,25
876983303,7562769,0.2,200.0,107.619995,0.0,0.0,0.0,0.0,0.0,0.0,0.0,-1,0,25
877987195,7562769,0.2,200.0,106.659996,0.0,0.0,0.0,0.0,0.0,0.0,0.0,-1,0,25
878991974,7562769,0.2,200.0,106.52,0.0,0.0,0.0,0.0,0.0,0.0,0.0,-1,0,25
879996047,7562769,0.2,200.0,106.729996,0.0,0.0,0.0,0.0,0.0,0.0,0.0,-1,0,25
880973358,7562769,0.2,200.0,107.67,0.0,0.0,0.0,0.0,0.0,0.0,0.0,-1,0,25
881977448,7562769,0.2,200.0,107.6,0.0,0.0,0.0,0.0,0.0,0.0,0.0,-1,0,25
882981337,7562769,0.2,200.0,109.28,0.0,0.0,0.0,0.0,0.0,0.0,0.0,-1,0,25
883985304,7562769,0.2,200.0,109.649994,0.0,0.0,0.0,0.0,0.0,0.0,0.0,-1,0,25
884990230,7562769,0.2,200.0,108.64,0.0,0.0,0.0,0.0,0.0,0.0,0.0,-1,0,25
885994737,7562769,0.2,200.0,109.049995,0.0,0.0,0.0,0.0,0.0,0.0,0.0,-1,0,25
886971811,7562769,0.2,200.0,111.82,0.0,0.0,0.0,0.0,0.0,0.0,0.0,-1,0,25
887976336,7562769,0.2,200.0,112.829994,0.0,0.0,0.0,0.0,0.0,0.0,0.0,-1,0,25
888981253,7562769,0.2,200.0,116.34,0.0,0.0,0.0,0.0,0.0,0.0,0.0,-1,0,25
889986372,7562769,0.2,200.0,124.5,0.0,0.0,0.0,0.0,0.0,0.0,0.0,-1,0,25
890989950,7562769,0.2,200.0,114.009995,0.0,0.0,0.0,0.0,0.0,0.0,0.0,-1,0,25
891994119,7562769,0.2,200.0,116.6,0.0,0.0,0.0,0.0,0.0,0.0,0.0,-1,0,25
892998993,7562769,0.2,200.0,139.56,0.0,0.0,0.0,0.0,0.0,0.0,0.0,-1,0,25
893976450,7562769,0.2,200.0,141.61,0.0,0.0,0.0,0.0,0.0,0.0,0.0,-1,0,25
894981346,7562769,0.2,200.0,158.51999,0.0,0.0,0.0,0.0,0.0,0.0,0.0,-1,0,25
895985509,7562769,0.2,200.0,158.9,0.0,0.0,0.0,0.0,0.0,0.0,0.0,-1,0,25
896989349,7562769,0.2,200.0,150.01,0.0,0.0,0.0,0.0,0.0,0.0,0.0,-1,0,25
897993296,7562769,0.2,200.0,138.48999,0.0,0.0,0.0,0.0,0.0,0.0,0.0,-1,0,25
898997808,7562769,0.2,200.0,135.5,0.0,0.0,0.0,0.0,0.0,0.0,0.0,-1,0,25
899976248,7562769,0.2,200.0,128.8,0.0,0.0,0.0,0.0,0.0,0.0,0.0,-1,0,25
900980739,7562769,0.2,200.0,124.84,0.0,0.0,0.0,0.0,0.0,0.0,0.0,-1,0,25
901985361,7562769,0.2,200.0,118.82,0.0,0.0,0.0,0.0,0.0,0.0,0.0,-1,0,25
902989749,7562769,0.2,200.0,115.47,0.0,0.0,0.0,0.0,0.0,0.0,0.0,-1,0,25
903994157,7562769,0.2,200.0,111.42,0.0,0.0,0.0,0.0,0.0,0.0,0.0,-1,0,25
904971684,7562769,0.2,200.0,111.35,0.0,0.0,0.0,0.0,0.0,0.0,0.0,-1,0,25
905975858,7562769,0.2,200.0,108.259995,0.0,0.0,0.0,0.0,0.0,0.0,0.0,-1,0,25
906980068,7562769,0.2,200.0,108.03,0.0,0.0,0.0,0.0,0.0,0.0,0.0,-1,0,25
907984054,7562769,0.2,200.0,106.18,0.0,0.0,0.0,0.0,0.0,0.0,0.0,-1,0,25
908988313,7562769,0.2,200.0,105.979996,0.0,0.0,0.0,0.0,0.0,0.0,0.0,-1,0,25
909992326,7562769,0.2,200.0,105.75,0.0,0.0,0.0,0.0,0.0,0.0,0.0,-1,0,25
910996627,7562769,0.2,200.0,104.99,0.0,0.0,0.0,0.0,0.0,0.0,0.0,-1,0,25
911974341,7562769,0.2,200.0,105.21,0.0,0.0,0.0,0.0,0.0,0.0,0.0,-1,0,25
912978083,7562769,0.2,200.0,106.28,0.0,0.0,0.0,0.0,0.0,0.0,0.0,-1,0,25
913982380,7562769,0.2,200.0,107.759995,0.0,0.0,0.0,0.0,0.0,0.0,0.0,-1,0,25
914986736,7562769,0.2,200.0,107.97,0.0,0.0,0.0,0.0,0.0,0.0,0.0,-1,0,25
915990064,7562769,0.2,200.0,107.869995,0.0,0.0,0.0,0.0,0.0,0.0,0.0,-1,0,25
916993739,7562769,0.2,200.0,111.25,0.0,0.0,0.0,0.0,0.0,0.0,0.0,-1,0,25
917997731,7562769,0.2,200.0,111.759995,0.0,0.0,0.0,0.0,0.0,0.0,0.0,-1,0,25
918975808,7562769,0.2,200.0,110.729996,0.0,0.0,0.0,0.0,0.0,0.0,0.0,-1,0,25
919980024,7562769,0.2,200.0,112.29,0.0,0.0,0.0,0.0,0.0,0.0,0.0,-1,0,25
920984745,7562769,0.2,200.0,112.53,0.0,0.0,0.0,0.0,0.0,0.0,0.0,-1,0,25
921988787,7562769,0.2,200.0,117.61,0.0,0.0,0.0,0.0,0.0,0.0,0.0,-1,0,25
922993072,7562769,0.2,200.0,121.729996,0.0,0.0,0.0,0.0,0.0,0.0,0.0,-1,0,25
923997826,7562769,0.2,200.0,118.29,0.0,0.0,0.0,0.0,0.0,0.0,0.0,-1,0,25
924975870,7562769,0.2,200.0,122.79,0.0,0.0,0.0,0.0,0.0,0.0,0.0,-1,0,25
925980707,7562769,0.2,200.0,143.4,0.0,0.0,0.0,0.0,0.0,0.0,0.0,-1,0,25
926986125,7562769,0.2,200.0,137.23999,0.0,0.0,0.0,0.0,0.0,0.0,0.0,-1,0,25
927989731,7562769,0.2,200.0,144.27,0.0,0.0,0.0,0.0,0.0,0.0,0.0,-1,0,25
928994428,7562769,0.2,200.0,182.01,0.0,0.0,0.0,0.0,0.0,0.0,0.0,-1,0,25
929972432,7562769,0.2,200.0,170.08,0.0,0.0,0.0,0.0,0.0,0.0,0.0,-1,0,25
930976871,7562769,0.2,200.0,135.81,0.0,0.0,0.0,0.0,0.0,0.0,0.0,-1,0,25
931981478,7562769,0.2,200.0,131.33,0.0,0.0,0.0,0.0,0.0,0.0,0.0,-1,0,25
932986667,7562769,0.2,200.0,125.729996,0.0,0.0,0.0,0.0,0.0,0.0,0.0,-1,0,25
933990616,7562769,0.2,200.0,120.75,0.0,0.0,0.0,0.0,0.0,0.0,0.0,-1,0,25
934995436,7562769,0.2,200.0,116.909996,0.0,0.0,0.0,0.0,0.0,0.0,0.0,-1,0,25
935973551,7562769,0.2,200.0,112.54,0.0,0.0,0.0,0.0,0.0,0.0,0.0,-1,0,25
936977587,7562769,0.2,200.0,110.18,0.0,0.0,0.0,0.0,0.0,0.0,0.0,-1,0,25
937981750,7562769,0.2,200.0,108.42,0.0,0.0,0.0,0.0,0.0,0.0,0.0,-1,0,25
938986277,7562769,0.2,200.0,108.829994,0.0,0.0,0.0,0.0,0.0,0.0,0.0,-1,0,25
939990951,7562769,0.2,200.0,107.35,0.0,0.0,0.0,0.0,0.0,0.0,0.0,-1,0,25
940995144,7562769,0.2,200.0,107.7,0.0,0.0,0.0,0.0,0.0,0.0,0.0,-1,0,25
941973696,7562769,0.2,200.0,108.189995,0.0,0.0,0.0,0.0,0.0,0.0,0.0,-1,0,25
942978729,7562769,0.2,200.0,105.7,0.0,0.0,0.0,0.0,0.0,0.0,0.0,-1,0,25
943982686,7562769,0.2,200.0,105.829994,0.0,0.0,0.0,0.0,0.0,0.0,0.0,-1,0,25
944987245,7562769,0.2,200.0,107.43,0.0,0.0,0.0,0.0,0.0,0.0,0.0,-1,0,25
945991857,7562769,0.2,200.0,108.399994,0.0,0.0,0.0,0.0,0.0,0.0,0.0,-1,0,25
946996345,7562769,0.2,200.0,110.2,0.0,0.0,0.0,0.0,0.0,0.0,0.0,-1,0,25
947973957,7562769,0.2,200.0,111.09,0.0,0.0,0.0,0.0,0.0,0.0,0.0,-1,0,25
948978641,7562769,0.2,200.0,110.829994,0.0,0.0,0.0,0.0,0.0,0.0,0.0,-1,0,25
949982903,7562769,0.2,200.0,112.399994,0.0,0.0,0.0,0.0,0.0,0.0,0.0,-1,0,25
950987485,7562769,0.2,200.0,112.77,0.0,0.0,0.0,0.0,0.0,0.0,0.0,-1,0,25
951991404,7562769,0.2,200.0,113.53,0.0,0.0,0.0,0.0,0.0,0.0,0.0,-1,0,25
952995627,7562769,0.2,200.0,115.57,0.0,0.0,0.0,0.0,0.0,0.0,0.0,-1,0,25
953973740,7562769,0.2,200.0,122.299995,0.0,0.0,0.0,0.0,0.0,0.0,0.0,-1,0,25
954977972,7562769,0.2,200.0,111.96,0.0,0.0,0.0,0.0,0.0,0.0,0.0,-1,0,25
955982180,7562769,0.2,200.0,118.92,0.0,0.0,0.0,0.0,0.0,0.0,0.0,-1,0,25
956986976,7562769,0.2,200.0,140.12,0.0,0.0,0.0,0.0,0.0,0.0,0.0,-1,0,25
957991827,7562769,0.2,200.0,128.87,0.0,0.0,0.0,0.0,0.0,0.0,0.0,-1,0,25
958996111,7562769,0.2,200.0,142.27,0.0,0.0,0.0,0.0,0.0,0.0,0.0,-1,0,25
959974480,7562769,0.2,200.0,153.9,0.0,0.0,0.0,0.0,0.0,0.0,0.0,-1,0,25
960978483,7562769,0.2,200.0,159.39,0.0,0.0,0.0,0.0,0.0,0.0,0.0,-1,0,25
961982607,7562769,0.2,200.0,137.66,0.0,0.0,0.0,0.0,0.0,0.0,0.0,-1,0,25
962987356,7562769,0.2,200.0,134.45,0.0,0.0,0.0,0.0,0.0,0.0,0.0,-1,0,25
963991780,7562769,0.2,200.0,133.79,0.0,0.0,0.0,0.0,0.0,0.0,0.0,-1,0,25
964996948,7562769,0.2,200.0,122.77,0.0,0.0,0.0,0.0,0.0,0.0,0.0,-1,0,25
965975432,7562769,0.2,200.0,120.02,0.0,0.0,0.0,0.0,0.0,0.0,0.0,-1,0,25
966979912,7562769,0.2,200.0,116.399994,0.0,0.0,0.0,0.0,0.0,0.0,0.0,-1,0,25
967983783,7562769,0.2,200.0,109.799995,0.0,0.0,0.0,0.0,0.0,0.0,0.0,-1,0,25
968987493,7562769,0.2,200.0,111.6,0.0,0.0,0.0,0.0,0.0,0.0,0.0,-1,0,25
969991602,7562769,0.2,200.0,108.229996,0.0,0.0,0.0,0.0,0.0,0.0,0.0,-1,0,25
970995633,7562769,0.2,200.0,107.229996,0.0,0.0,0.0,0.0,0.0,0.0,0.0,-1,0,25
971972983,7562769,0.2,200.0,106.31,0.0,0.0,0.0,0.0,0.0,0.0,0.0,-1,0,25
972977015,7562769,0.2,200.0,106.399994,0.0,0.0,0.0,0.0,0.0,0.0,0.0,-1,0,25
973980841,7562769,0.2,200.0,99.52,0.0,0.0,0.0,0.0,0.0,0.0,0.0,-1,0,25
974985184,7562769,0.2,200.0,106.85,0.0,0.0,0.0,0.0,0.0,0.0,0.0,-1,0,25
975989732,7562769,0.2,200.0,108.25,0.0,0.0,0.0,0.0,0.0,0.0,0.0,-1,0,25
976994303,7562769,0.2,200.0,108.96,0.0,0.0,0.0,0.0,0.0,0.0,0.0,-1,0,25
977972616,7562769,0.2,200.0,110.75,0.0,0.0,0.0,0.0,0.0,0.0,0.0,-1,0,25
978976088,7562769,0.2,200.0,111.06,0.0,0.0,0.0,0.0,0.0,0.0,0.0,-1,0,25
979980504,7562769,0.2,200.0,113.159996,0.0,0.0,0.0,0.0,0.0,0.0,0.0,-1,0,25
980984924,7562769,0.2,200.0,113.96,0.0,0.0,0.0,0.0,0.0,0.0,0.0,-1,0,25
981989489,7562769,0.2,200.0,114.71,0.0,0.0,0.0,0.0,0.0,0.0,0.0,-1,0,25
982993097,7562769,0.2,200.0,119.64,0.0,0.0,0.0,0.0,0.0,0.0,0.0,-1,0,25
983996746,7562769,0.2,200.0,120.32,0.0,0.0,0.0,0.0,0.0,0.0,0.0,-1,0,25
984974067,7562769,0.2,200.0,121.0,0.0,0.0,0.0,0.0,0.0,0.0,0.0,-1,0,25
985978473,7562769,0.2,200.0,122.399994,0.0,0.0,0.0,0.0,0.0,0.0,0.0,-1,0,25
986983082,7562769,0.2,200.0,143.87999,0.0,0.0,0.0,0.0,0.0,0.0,0.0,-1,0,25
987987091,7562769,0.2,200.0,136.56,0.0,0.0,0.0,0.0,0.0,0.0,0.0,-1,0,25
988991875,7562769,0.2,200.0,146.56999,0.0,0.0,0.0,0.0,0.0,0.0,0.0,-1,0,25
989996760,7562769,0.2,200.0,163.42,0.0,0.0,0.0,0.0,0.0,0.0,0.0,-1,0,25
990974145,7562769,0.2,200.0,159.84999,0.0,0.0,0.0,0.0,0.0,0.0,0.0,-1,0,25
991977156,7562769,0.2,200.0,129.68,0.0,0.0,0.0,0.0,0.0,0.0,0.0,-1,0,25
992981508,7562769,0.2,200.0,132.47,0.0,0.0,0.0,0.0,0.0,0.0,0.0,-1,0,25
993985119,7562769,0.2,200.0,125.829994,0.0,0.0,0.0,0.0,0.0,0.0,0.0,-1,0,25
994989520,7562769,0.2,200.0,121.009995,0.0,0.0,0.0,0.0,0.0,0.0,0.0,-1,0,25
995993964,7562769,0.2,200.0,114.97,0.0,0.0,0.0,0.0,0.0,0.0,0.0,-1,0,25
996998636,7562769,0.2,200.0,113.009995,0.0,0.0,0.0,0.0,0.0,0.0,0.0,-1,0,25
997976522,7562769,0.2,200.0,111.21,0.0,0.0,0.0,0.0,0.0,0.0,0.0,-1,0,25
998980739,7562769,0.2,200.0,109.61,0.0,0.0,0.0,0.0,0.0,0.0,0.0,-1,0,25
999985589,7562769,0.2,200.0,108.02,0.0,0.0,0.0,0.0,0.0,0.0,0.0,-1,0,25
1000989894,7562769,0.2,200.0,107.09,0.0,0.0,0.0,0.0,0.0,0.0,0.0,-1,0,25
1001994390,7562769,0.2,200.0,106.47,0.0,0.0,0.0,0.0,0.0,0.0,0.0,-1,0,25
1002972550,7562769,0.2,200.0,105.759995,0.0,0.0,0.0,0.0,0.0,0.0,0.0,-1,0,25
1003977335,7562769,0.2,200.0,105.85,0.0,0.0,0.0,0.0,0.0,0.0,0.0,-1,0,25
1004981845,7562769,0.2,200.0,107.21,0.0,0.0,0.0,0.0,0.0,0.0,0.0,-1,0,25
1005985830,7562769,0.2,200.0,107.93,0.0,0.0,0.0,0.0,0.0,0.0,0.0,-1,0,25
1006990190,7562769,0.2,200.0,109.81,0.0,0.0,0.0,0.0,0.0,0.0,0.0,-1,0,25
1007995096,7562769,0.2,200.0,112.74,0.0,0.0,0.0,0.0,0.0,0.0,0.0,-1,0,25
1008999794,7562769,0.2,200.0,114.369995,0.0,0.0,0.0,0.0,0.0,0.0,0.0,-1,0,25
1009977017,7562769,0.2,200.0,116.77,0.0,0.0,0.0,0.0,0.0,0.0,0.0,-1,0,25
1010981365,7562769,0.2,200.0,117.09,0.0,0.0,0.0,0.0,0.0,0.0,0.0,-1,0,25
1011985847,7562769,0.2,200.0,120.96999,0.0,0.0,0.0,0.0,0.0,0.0,0.0,-1,0,25
1012990240,7562769,0.2,200.0,123.56,0.0,0.0,0.0,0.0,0.0,0.0,0.0,-1,0,25
1013995332,7562769,0.2,200.0,113.479996,0.0,0.0,0.0,0.0,0.0,0.0,0.0,-1,0,25
1014973278,7562769,0.2,200.0,125.21,0.0,0.0,0.0,0.0,0.0,0.0,0.0,-1,0,25
1015977502,7562769,0.2,200.0,136.94,0.0,0.0,0.0,0.0,0.0,0.0,0.0,-1,0,25
1016981657,7562769,0.2,200.0,127.81,0.0,0.0,0.0,0.0,0.0,0.0,0.0,-1,0,25
1017986373,7562769,0.2,200.0,144.04,0.0,0.0,0.0,0.0,0.0,0.0,0.0,-1,0,25
1018990280,7562769,0.2,200.0,148.33,0.0,0.0,0.0,0.0,0.0,0.0,0.0,-1,0,25
1019994401,7562769,0.2,200.0,145.84999,0.0,0.0,0.0,0.0,0.0,0.0,0.0,-1,0,25
1020972208,7562769,0.2,200.0,134.19,0.0,0.0,0.0,0.0,0.0,0.0,0.0,-1,0,25
1021976192,7562769,0.2,200.0,133.76,0.0,0.0,0.0,0.0,0.0,0.0,0.0,-1,0,25
1022980984,7562769,0.2,200.0,122.5,0.0,0.0,0.0,0.0,0.0,0.0,0.0,-1,0,25
1023984865,7562769,0.2,200.0,118.92,0.0,0.0,0.0,0.0,0.0,0.0,0.0,-1,0,25
1024990045,7562769,0.2,200.0,117.99,0.0,0.0,0.0,0.0,0.0,0.0,0.0,-1,0,25
1025994583,7562769,0.2,200.0,112.84,0.0,0.0,0.0,0.0,0.0,0.0,0.0,-1,0,25
1026972301,7562769,0.2,200.0,110.1,0.0,0.0,0.0,0.0,0.0,0.0,0.0,-1,0,25
1027977020,7562769,0.2,200.0,109.57,0.0,0.0,0.0,0.0,0.0,0.0,0.0,-1,0,25
1028981332,7562769,0.2,200.0,107.659996,0.0,0.0,0.0,0.0,0.0,0.0,0.0,-1,0,25
1029982757,7562769,0.2,200.0,106.799995,0.0,0.0,0.0,0.0,0.0,0.0,0.0,-1,0,25
1030987655,7562769,0.2,200.0,108.04,0.0,0.0,0.0,0.0,0.0,0.0,0.0,-1,0,25
1031992232,7562769,0.2,200.0,106.229996,0.0,0.0,0.0,0.0,0.0,0.0,0.0,-1,0,25
1032996736,7562769,0.2,200.0,105.909996,0.0,0.0,0.0,0.0,0.0,0.0,0.0,-1,0,25
1033974578,7562769,0.2,200.0,107.649994,0.0,0.0,0.0,0.0,0.0,0.0,0.0,-1,0,25
1034978718,7562769,0.2,200.0,109.049995,0.0,0.0,0.0,0.0,0.0,0.0,0.0,-1,0,25
1035982681,7562769,0.2,200.0,110.689995,0.0,0.0,0.0,0.0,0.0,0.0,0.0,-1,0,25
1036987091,7562769,0.2,200.0,112.729996,0.0,0.0,0.0,0.0,0.0,0.0,0.0,-1,0,25
1037991506,7562769,0.2,200.0,112.689995,0.0,0.0,0.0,0.0,0.0,0.0,0.0,-1,0,25
1038996606,7562769,0.2,200.0,114.31,0.0,0.0,0.0,0.0,0.0,0.0,0.0,-1,0,25
1039974175,7562769,0.2,200.0,114.93,0.0,0.0,0.0,0.0,0.0,0.0,0.0,-1,0,25
1040978859,7562769,0.2,200.0,120.78,0.0,0.0,0.0,0.0,0.0,0.0,0.0,-1,0,25
1041983325,7562769,0.2,200.0,119.11,0.0,0.0,0.0,0.0,0.0,0.0,0.0,-1,0,25
1042987338,7562769,0.2,200.0,117.1,0.0,0.0,0.0,0.0,0.0,0.0,0.0,-1,0,25
1043992145,7562769,0.2,200.0,121.96,0.0,0.0,0.0,0.0,0.0,0.0,0.0,-1,0,25
1044997109,7562769,0.2,200.0,140.76,0.0,0.0,0.0,0.0,0.0,0.0,0.0,-1,0,25
1045974892,7562769,0.2,200.0,132.76,0.0,0.0,0.0,0.0,0.0,0.0,0.0,-1,0,25
1046979710,7562769,0.2,200.0,148.73,0.0,0.0,0.0,0.0,0.0,0.0,0.0,-1,0,25
1047984186,7562769,0.2,200.0,156.45,0.0,0.0,0.0,0.0,0.0,0.0,0.0,-1,0,25
1048988629,7562769,0.2,200.0,144.37999,0.0,0.0,0.0,0.0,0.0,0.0,0.0,-1,0,25
1049993389,7562769,0.2,200.0,133.97,0.0,0.0,0.0,0.0,0.0,0.0,0.0,-1,0,25
1050998269,7562769,0.2,200.0,131.73,0.0,0.0,0.0,0.0,0.0,0.0,0.0,-1,0,25
1051975538,7562769,0.2,200.0,125.689995,0.0,0.0,0.0,0.0,0.0,0.0,0.0,-1,0,25
1052979685,7562769,0.2,200.0,121.46999,0.0,0.0,0.0,0.0,0.0,0.0,0.0,-1,0,25
1053984634,7562769,0.2,200.0,116.119995,0.0,0.0,0.0,0.0,0.0,0.0,0.0,-1,0,25
1054988690,7562769,0.2,200.0,113.649994,0.0,0.0,0.0,0.0,0.0,0.0,0.0,-1,0,25
1055993198,7562769,0.2,200.0,110.659996,0.0,0.0,0.0,0.0,0.0,0.0,0.0,-1,0,25
1056997687,7562769,0.2,200.0,110.32,0.0,0.0,0.0,0.0,0.0,0.0,0.0,-1,0,25
1057975739,7562769,0.2,200.0,108.939995,0.0,0.0,0.0,0.0,0.0,0.0,0.0,-1,0,25
1058979825,7562769,0.2,200.0,108.61,0.0,0.0,0.0,0.0,0.0,0.0,0.0,-1,0,25
1059984365,7562769,0.2,200.0,107.229996,0.0,0.0,0.0,0.0,0.0,0.0,0.0,-1,0,25
1060988857,7562769,0.2,200.0,103.79,0.0,0.0,0.0,0.0,0.0,0.0,0.0,-1,0,25
1061992782,7562769,0.2,200.0,106.34,0.0,0.0,0.0,0.0,0.0,0.0,0.0,-1,0,25
1062996812,7562769,0.2,200.0,108.869995,0.0,0.0,0.0,0.0,0.0,0.0,0.0,-1,0,25
1063974473,7562769,0.2,200.0,111.21,0.0,0.0,0.0,0.0,0.0,0.0,0.0,-1,0,25
1064978503,7562769,0.2,200.0,110.72,0.0,0.0,0.0,0.0,0.0,0.0,0.0,-1,0,25
1065982082,7562769,0.2,200.0,111.0,0.0,0.0,0.0,0.0,0.0,0.0,0.0,-1,0,25
1066986442,7562769,0.2,200.0,114.2,0.0,0.0,0.0,0.0,0.0,0.0,0.0,-1,0,25
1067990365,7562769,0.2,200.0,119.81,0.0,0.0,0.0,0.0,0.0,0.0,0.0,-1,0,25
1068994660,7562769,0.2,200.0,117.11,0.0,0.0,0.0,0.0,0.0,0.0,0.0,-1,0,25
1069972453,7562769,0.2,200.0,120.54,0.0,0.0,0.0,0.0,0.0,0.0,0.0,-1,0,25
1070976536,7562769,0.2,200.0,117.27,0.0,0.0,0.0,0.0,0.0,0.0,0.0,-1,0,25
1071980702,7562769,0.2,200.0,121.119995,0.0,0.0,0.0,0.0,0.0,0.0,0.0,-1,0,25
1072985077,7562769,0.2,200.0,128.34,0.0,0.0,0.0,0.0,0.0,0.0,0.0,-1,0,25
1073989364,7562769,0.2,200.0,130.34999,0.0,0.0,0.0,0.0,0.0,0.0,0.0,-1,0,25
1074992883,7562769,0.2,200.0,136.43,0.0,0.0,0.0,0.0,0.0,0.0,0.0,-1,0,25
1075997188,7562769,0.2,200.0,149.95,0.0,0.0,0.0,0.0,0.0,0.0,0.0,-1,0,25
1076975076,7562769,0.2,200.0,142.98,0.0,0.0,0.0,0.0,0.0,0.0,0.0,-1,0,25
1077979567,7562769,0.2,200.0,143.69,0.0,0.0,0.0,0.0,0.0,0.0,0.0,-1,0,25
1078983408,7562769,0.2,200.0,128.84,0.0,0.0,0.0,0.0,0.0,0.0,0.0,-1,0,25
1079987916,7562769,0.2,200.0,128.4,0.0,0.0,0.0,0.0,0.0,0.0,0.0,-1,0,25
1080991744,7562769,0.2,200.0,118.95,0.0,0.0,0.0,0.0,0.0,0.0,0.0,-1,0,25
1081996022,7562769,0.2,200.0,119.5,0.0,0.0,0.0,0.0,0.0,0.0,0.0,-1,0,25
1082973582,7562769,0.2,200.0,117.759995,0.0,0.0,0.0,0.0,0.0,0.0,0.0,-1,0,25
1083978100,7562769,0.2,200.0,112.78,0.0,0.0,0.0,0.0,0.0,0.0,0.0,-1,0,25
1084982590,7562769,0.2,200.0,111.11,0.0,0.0,0.0,0.0,0.0,0.0,0.0,-1,0,25
1085986928,7562769,0.2,200.0,110.299995,0.0,0.0,0.0,0.0,0.0,0.0,0.0,-1,0,25
1086991408,7562769,0.2,200.0,108.61,0.0,0.0,0.0,0.0,0.0,0.0,0.0,-1,0,25
1087995519,7562769,0.2,200.0,106.71,0.0,0.0,0.0,0.0,0.0,0.0,0.0,-1,0,25
1088999476,7562769,0.2,200.0,106.32,0.0,0.0,0.0,0.0,0.0,0.0,0.0,-1,0,25
1089977656,7562769,0.2,200.0,105.39,0.0,0.0,0.0,0.0,0.0,0.0,0.0,-1,0,25
1090982454,7562769,0.2,200.0,106.729996,0.0,0.0,0.0,0.0,0.0,0.0,0.0,-1,0,25
1091986724,7562769,0.2,200.0,108.799995,0.0,0.0,0.0,0.0,0.0,0.0,0.0,-1,0,25
1092991508,7562769,0.2,200.0,110.079994,0.0,0.0,0.0,0.0,0.0,0.0,0.0,-1,0,25
1093995590,7562769,0.2,200.0,111.75,0.0,0.0,0.0,0.0,0.0,0.0,0.0,-1,0,25
1094974262,7562769,0.2,200.0,114.29,0.0,0.0,0.0,0.0,0.0,0.0,0.0,-1,0,25
1095978518,7562769,0.2,200.0,114.369995,0.0,0.0,0.0,0.0,0.0,0.0,0.0,-1,0,25
1096982736,7562769,0.2,200.0,117.99,0.0,0.0,0.0,0.0,0.0,0.0,0.0,-1,0,25
1097987178,7562769,0.2,200.0,115.81,0.0,0.0,0.0,0.0,0.0,0.0,0.0,-1,0,25
1098992074,7562769,0.2,200.0,119.329994,0.0,0.0,0.0,0.0,0.0,0.0,0.0,-1,0,25
1099996207,7562769,0.2,200.0,120.56,0.0,0.0,0.0,0.0,0.0,0.0,0.0,-1,0,25
1100973695,7562769,0.2,200.0,116.25,0.0,0.0,0.0,0.0,0.0,0.0,0.0,-1,0,25
1101978318,7562769,0.2,200.0,137.78,0.0,0.0,0.0,0.0,0.0,0.0,0.0,-1,0,25
1102982544,7562769,0.2,200.0,136.87,0.0,0.0,0.0,0.0,0.0,0.0,0.0,-1,0,25
1103987287,7562769,0.2,200.0,139.12999,0.0,0.0,0.0,0.0,0.0,0.0,0.0,-1,0,25
1104991489,7562769,0.2,200.0,164.79,0.0,0.0,0.0,0.0,0.0,0.0,0.0,-1,0,25
1105995687,7562769,0.2,200.0,164.86,0.0,0.0,0.0,0.0,0.0,0.0,0.0,-1,0,25
1106973745,7562769,0.2,200.0,140.28,0.0,0.0,0.0,0.0,0.0,0.0,0.0,-1,0,25
1107977670,7562769,0.2,200.0,128.84,0.0,0.0,0.0,0.0,0.0,0.0,0.0,-1,0,25
1108981963,7562769,0.2,200.0,131.48,0.0,0.0,0.0,0.0,0.0,0.0,0.0,-1,0,25
1109987301,7562769,0.2,200.0,123.21,0.0,0.0,0.0,0.0,0.0,0.0,0.0,-1,0,25
1110991654,7562769,0.2,200.0,120.6,0.0,0.0,0.0,0.0,0.0,0.0,0.0,-1,0,25
1111996385,7562769,0.2,200.0,114.759995,0.0,0.0,0.0,0.0,0.0,0.0,0.0,-1,0,25
1112974070,7562769,0.2,200.0,113.72,0.0,0.0,0.0,0.0,0.0,0.0,0.0,-1,0,25
1113978520,7562769,0.2,200.0,114.079994,0.0,0.0,0.0,0.0,0.0,0.0,0.0,-1,0,25
1114982391,7562769,0.2,200.0,111.27,0.0,0.0,0.0,0.0,0.0,0.0,0.0,-1,0,25
1115987066,7562769,0.2,200.0,108.45,0.0,0.0,0.0,0.0,0.0,0.0,0.0,-1,0,25
1116991215,7562769,0.2,200.0,108.04,0.0,0.0,0.0,0.0,0.0,0.0,0.0,-1,0,25
1117995021,7562769,0.2,200.0,102.29,0.0,0.0,0.0,0.0,0.0,0.0,0.0,-1,0,25
1118972706,7562769,0.2,200.0,106.979996,0.0,0.0,0.0,0.0,0.0,0.0,0.0,-1,0,25
1119976678,7562769,0.2,200.0,108.829994,0.0,0.0,0.0,0.0,0.0,0.0,0.0,-1,0,25
1120980801,7562769,0.2,200.0,112.479996,0.0,0.0,0.0,0.0,0.0,0.0,0.0,-1,0,25
1121985039,7562769,0.2,200.0,112.64,0.0,0.0,0.0,0.0,0.0,0.0,0.0,-1,0,25
1122989342,7562769,0.2,200.0,113.67,0.0,0.0,0.0,0.0,0.0,0.0,0.0,-1,0,25
1123993543,7562769,0.2,200.0,115.39,0.0,0.0,0.0,0.0,0.0,0.0,0.0,-1,0,25
1124971400,7562769,0.2,200.0,115.119995,0.0,0.0,0.0,0.0,0.0,0.0,0.0,-1,0,25
1125976481,7562769,0.2,200.0,120.229996,0.0,0.0,0.0,0.0,0.0,0.0,0.0,-1,0,25
1126981112,7562769,0.2,200.0,120.619995,0.0,0.0,0.0,0.0,0.0,0.0,0.0,-1,0,25
1127985292,7562769,0.2,200.0,117.079994,0.0,0.0,0.0,0.0,0.0,0.0,0.0,-1,0,25
1128989387,7562769,0.2,200.0,120.46,0.0,0.0,0.0,0.0,0.0,0.0,0.0,-1,0,25
1129993604,7562769,0.2,200.0,137.23999,0.0,0.0,0.0,0.0,0.0,0.0,0.0,-1,0,25
1130997144,7562769,0.2,200.0,134.12,0.0,0.0,0.0,0.0,0.0,0.0,0.0,-1,0,25
1131975496,7562769,0.2,200.0,140.87999,0.0,0.0,0.0,0.0,0.0,0.0,0.0,-1,0,25
1132980860,7562769,0.2,200.0,171.78,0.0,0.0,0.0,0.0,0.0,0.0,0.0,-1,0,25
1133984420,7562769,0.2,200.0,151.28,0.0,0.0,0.0,0.0,0.0,0.0,0.0,-1,0,25
1134988547,7562769,0.2,200.0,135.15,0.0,0.0,0.0,0.0,0.0,0.0,0.0,-1,0,25
1135993280,7562769,0.2,200.0,130.27,0.0,0.0,0.0,0.0,0.0,0.0,0.0,-1,0,25
1136997538,7562769,0.2,200.0,127.509995,0.0,0.0,0.0,0.0,0.0,0.0,0.0,-1,0,25
1137975000,7562769,0.2,200.0,117.45,0.0,0.0,0.0,0.0,0.0,0.0,0.0,-1,0,25
1138979545,7562769,0.2,200.0,116.13,0.0,0.0,0.0,0.0,0.0,0.0,0.0,-1,0,25
1139983808,7562769,0.2,200.0,111.59,0.0,0.0,0.0,0.0,0.0,0.0,0.0,-1,0,25
1140988268,7562769,0.2,200.0,109.509995,0.0,0.0,0.0,0.0,0.0,0.0,0.0,-1,0,25
1141993343,7562769,0.2,200.0,108.579994,0.0,0.0,0.0,0.0,0.0,0.0,0.0,-1,0,25
1142997307,7562769,0.2,200.0,107.21,0.0,0.0,0.0,0.0,0.0,0.0,0.0,-1,0,25
1143975153,7562769,0.2,200.0,108.619995,0.0,0.0,0.0,0.0,0.0,0.0,0.0,-1,0,25
1144979009,7562769,0.2,200.0,107.31,0.0,0.0,0.0,0.0,0.0,0.0,0.0,-1,0,25
1145983738,7562769,0.2,200.0,101.21,0.0,0.0,0.0,0.0,0.0,0.0,0.0,-1,0,25
1146988218,7562769,0.2,200.0,106.85,0.0,0.0,0.0,0.0,0.0,0.0,0.0,-1,0,25
1147992164,7562769,0.2,200.0,109.0,0.0,0.0,0.0,0.0,0.0,0.0,0.0,-1,0,25
1148996312,7562769,0.2,200.0,111.32,0.0,0.0,0.0,0.0,0.0,0.0,0.0,-1,0,25
1149973886,7562769,0.2,200.0,110.82,0.0,0.0,0.0,0.0,0.0,0.0,0.0,-1,0,25
1150978555,7562769,0.2,200.0,111.17,0.0,0.0,0.0,0.0,0.0,0.0,0.0,-1,0,25
1151982790,7562769,0.2,200.0,113.29,0.0,0.0,0.0,0.0,0.0,0.0,0.0,-1,0,25
1152986948,7562769,0.2,200.0,117.96,0.0,0.0,0.0,0.0,0.0,0.0,0.0,-1,0,25
1153990812,7562769,0.2,200.0,121.079994,0.0,0.0,0.0,0.0,0.0,0.0,0.0,-1,0,25
1154995346,7562769,0.2,200.0,124.67,0.0,0.0,0.0,0.0,0.0,0.0,0.0,-1,0,25
1155999865,7562769,0.2,200.0,115.31,0.0,0.0,0.0,0.0,0.0,0.0,0.0,-1,0,25
1156977924,7562769,0.2,200.0,119.96999,0.0,0.0,0.0,0.0,0.0,0.0,0.0,-1,0,25
1157982400,7562769,0.2,200.0,144.64,0.0,0.0,0.0,0.0,0.0,0.0,0.0,-1,0,25
1158986012,7562769,0.2,200.0,139.42,0.0,0.0,0.0,0.0,0.0,0.0,0.0,-1,0,25
1159990130,7562769,0.2,200.0,154.48999,0.0,0.0,0.0,0.0,0.0,0.0,0.0,-1,0,25
1160994487,7562769,0.2,200.0,145.2,0.0,0.0,0.0,0.0,0.0,0.0,0.0,-1,0,25
1161999114,7562769,0.2,200.0,131.41,0.0,0.0,0.0,0.0,0.0,0.0,0.0,-1,0,25
1162977141,7562769,0.2,200.0,134.29,0.0,0.0,0.0,0.0,0.0,0.0,0.0,-1,0,25
1163982111,7562769,0.2,200.0,130.65,0.0,0.0,0.0,0.0,0.0,0.0,0.0,-1,0,25
1164986368,7562769,0.2,200.0,119.74,0.0,0.0,0.0,0.0,0.0,0.0,0.0,-1,0,25
1165990792,7562769,0.2,200.0,115.21,0.0,0.0,0.0,0.0,0.0,0.0,0.0,-1,0,25
1166995032,7562769,0.2,200.0,116.03,0.0,0.0,0.0,0.0,0.0,0.0,0.0,-1,0,25
1167972724,7562769,0.2,200.0,112.82,0.0,0.0,0.0,0.0,0.0,0.0,0.0,-1,0,25
1168977340,7562769,0.2,200.0,108.54,0.0,0.0,0.0,0.0,0.0,0.0,0.0,-1,0,25
1169981182,7562769,0.2,200.0,107.909996,0.0,0.0,0.0,0.0,0.0,0.0,0.0,-1,0,25
1170985814,7562769,0.2,200.0,107.649994,0.0,0.0,0.0,0.0,0.0,0.0,0.0,-1,0,25
1171990334,7562769,0.2,200.0,106.18,0.0,0.0,0.0,0.0,0.0,0.0,0.0,-1,0,25
1172994553,7562769,0.2,200.0,105.92,0.0,0.0,0.0,0.0,0.0,0.0,0.0,-1,0,25
1173972204,7562769,0.2,200.0,105.759995,0.0,0.0,0.0,0.0,0.0,0.0,0.0,-1,0,25
1174976311,7562769,0.2,200.0,104.79,0.0,0.0,0.0,0.0,0.0,0.0,0.0,-1,0,25
1175980710,7562769,0.2,200.0,105.45,0.0,0.0,0.0,0.0,0.0,0.0,0.0,-1,0,25
1176984775,7562769,0.2,200.0,107.81,0.0,0.0,0.0,0.0,0.0,0.0,0.0,-1,0,25
1177989387,7562769,0.2,200.0,109.409996,0.0,0.0,0.0,0.0,0.0,0.0,0.0,-1,0,25
1178993882,7562769,0.2,200.0,111.49,0.0,0.0,0.0,0.0,0.0,0.0,0.0,-1,0,25
1179998710,7562769,0.2,200.0,115.86,0.0,0.0,0.0,0.0,0.0,0.0,0.0,-1,0,25
1180976658,7562769,0.2,200.0,115.369995,0.0,0.0,0.0,0.0,0.0,0.0,0.0,-1,0,25
1181981263,7562769,0.2,200.0,116.14,0.0,0.0,0.0,0.0,0.0,0.0,0.0,-1,0,25
1182986069,7562769,0.2,200.0,122.369995,0.0,0.0,0.0,0.0,0.0,0.0,0.0,-1,0,25
1183989770,7562769,0.2,200.0,121.84,0.0,0.0,0.0,0.0,0.0,0.0,0.0,-1,0,25
1184994281,7562769,0.2,200.0,112.57,0.0,0.0,0.0,0.0,0.0,0.0,0.0,-1,0,25
1185997680,7562769,0.2,200.0,114.54,0.0,0.0,0.0,0.0,0.0,0.0,0.0,-1,0,25
1186975115,7562769,0.2,200.0,138.79,0.0,0.0,0.0,0.0,0.0,0.0,0.0,-1,0,25
1187980314,7562769,0.2,200.0,125.909996,0.0,0.0,0.0,0.0,0.0,0.0,0.0,-1,0,25
1188984417,7562769,0.2,200.0,135.52,0.0,0.0,0.0,0.0,0.0,0.0,0.0,-1,0,25
1189989349,7562769,0.2,200.0,146.39,0.0,0.0,0.0,0.0,0.0,0.0,0.0,-1,0,25
1190993254,7562769,0.2,200.0,142.61,0.0,0.0,0.0,0.0,0.0,0.0,0.0,-1,0,25
1191971485,7562769,0.2,200.0,136.12,0.0,0.0,0.0,0.0,0.0,0.0,0.0,-1,0,25
1192975373,7562769,0.2,200.0,130.59999,0.0,0.0,0.0,0.0,0.0,0.0,0.0,-1,0,25
1193979270,7562769,0.2,200.0,122.28,0.0,0.0,0.0,0.0,0.0,0.0,0.0,-1,0,25
1194983124,7562769,0.2,200.0,120.59,0.0,0.0,0.0,0.0,0.0,0.0,0.0,-1,0,25
1195986957,7562769,0.2,200.0,114.67,0.0,0.0,0.0,0.0,0.0,0.0,0.0,-1,0,25
1196990832,7562769,0.2,200.0,113.61,0.0,0.0,0.0,0.0,0.0,0.0,0.0,-1,0,25
1197994766,7562769,0.2,200.0,110.119995,0.0,0.0,0.0,0.0,0.0,0.0,0.0,-1,0,25
1198972261,7562769,0.2,200.0,110.079994,0.0,0.0,0.0,0.0,0.0,0.0,0.0,-1,0,25
1199976130,7562769,0.2,200.0,107.38,0.0,0.0,0.0,0.0,0.0,0.0,0.0,-1,0,25
1200980860,7562769,0.2,200.0,107.979996,0.0,0.0,0.0,0.0,0.0,0.0,0.0,-1,0,25
1201985538,7562769,0.2,200.0,106.009995,0.0,0.0,0.0,0.0,0.0,0.0,0.0,-1,0,25
1202990667,7562769,0.2,200.0,106.79,0.0,0.0,0.0,0.0,0.0,0.0,0.0,-1,0,25
1203995214,7562769,0.2,200.0,104.92,0.0,0.0,0.0,0.0,0.0,0.0,0.0,-1,0,25
1204999169,7562769,0.2,200.0,99.46,0.0,0.0,0.0,0.0,0.0,0.0,0.0,-1,0,25
1205977051,7562769,0.2,200.0,107.159996,0.0,0.0,0.0,0.0,0.0,0.0,0.0,-1,0,25
1206981084,7562769,0.2,200.0,108.96,0.0,0.0,0.0,0.0,0.0,0.0,0.0,-1,0,25
1207985324,7562769,0.2,200.0,110.09,0.0,0.0,0.0,0.0,0.0,0.0,0.0,-1,0,25
1208989765,7562769,0.2,200.0,110.579994,0.0,0.0,0.0,0.0,0.0,0.0,0.0,-1,0,25
1209994415,7562769,0.2,200.0,112.79,0.0,0.0,0.0,0.0,0.0,0.0,0.0,-1,0,25
1210998335,7562769,0.2,200.0,114.74,0.0,0.0,0.0,0.0,0.0,0.0,0.0,-1,0,25
1211976537,7562769,0.2,200.0,114.85,0.0,0.0,0.0,0.0,0.0,0.0,0.0,-1,0,25
1212980974,7562769,0.2,200.0,120.39,0.0,0.0,0.0,0.0,0.0,0.0,0.0,-1,0,25
1213984848,7562769,0.2,200.0,121.89,0.0,0.0,0.0,0.0,0.0,0.0,0.0,-1,0,25
1214988817,7562769,0.2,200.0,113.009995,0.0,0.0,0.0,0.0,0.0,0.0,0.0,-1,0,25
1215993695,7562769,0.2,200.0,124.909996,0.0,0.0,0.0,0.0,0.0,0.0,0.0,-1,0,25
1216997947,7562769,0.2,200.0,139.52,0.0,0.0,0.0,0.0,0.0,0.0,0.0,-1,0,25
1217976177,7562769,0.2,200.0,134.08,0.0,0.0,0.0,0.0,0.0,0.0,0.0,-1,0,25
1218980850,7562769,0.2,200.0,140.14,0.0,0.0,0.0,0.0,0.0,0.0,0.0,-1,0,25
1219985510,7562769,0.2,200.0,143.64,0.0,0.0,0.0,0.0,0.0,0.0,0.0,-1,0,25
1220989900,7562769,0.2,200.0,137.3,0.0,0.0,0.0,0.0,0.0,0.0,0.0,-1,0,25
1221994178,7562769,0.2,200.0,132.06,0.0,0.0,0.0,0.0,0.0,0.0,0.0,-1,0,25
1222972085,7562769,0.2,200.0,125.189995,0.0,0.0,0.0,0.0,0.0,0.0,0.0,-1,0,25
1223976196,7562769,0.2,200.0,119.14,0.0,0.0,0.0,0.0,0.0,0.0,0.0,-1,0,25
1224980211,7562769,0.2,200.0,115.2,0.0,0.0,0.0,0.0,0.0,0.0,0.0,-1,0,25
1225984857,7562769,0.2,200.0,115.09,0.0,0.0,0.0,0.0,0.0,0.0,0.0,-1,0,25
1226989096,7562769,0.2,200.0,112.17,0.0,0.0,0.0,0.0,0.0,0.0,0.0,-1,0,25
1227993541,7562769,0.2,200.0,109.689995,0.0,0.0,0.0,0.0,0.0,0.0,0.0,-1,0,25
1228998290,7562769,0.2,200.0,107.61,0.0,0.0,0.0,0.0,0.0,0.0,0.0,-1,0,25
1229976410,7562769,0.2,200.0,108.259995,0.0,0.0,0.0,0.0,0.0,0.0,0.0,-1,0,25
1230981050,7562769,0.2,200.0,106.47,0.0,0.0,0.0,0.0,0.0,0.0,0.0,-1,0,25
1231985446,7562769,0.2,200.0,105.82,0.0,0.0,0.0,0.0,0.0,0.0,0.0,-1,0,25
1232990270,7562769,0.2,200.0,105.09,0.0,0.0,0.0,0.0,0.0,0.0,0.0,-1,0,25
1233994319,7562769,0.2,200.0,104.369995,0.0,0.0,0.0,0.0,0.0,0.0,0.0,-1,0,25
1234997744,7562769,0.2,200.0,105.06,0.0,0.0,0.0,0.0,0.0,0.0,0.0,-1,0,25
1235974871,7562769,0.2,200.0,106.86,0.0,0.0,0.0,0.0,0.0,0.0,0.0,-1,0,25
1236979113,7562769,0.2,200.0,108.409996,0.0,0.0,0.0,0.0,0.0,0.0,0.0,-1,0,25
1237983414,7562769,0.2,200.0,109.36,0.0,0.0,0.0,0.0,0.0,0.0,0.0,-1,0,25
1238988025,7562769,0.2,200.0,112.39,0.0,0.0,0.0,0.0,0.0,0.0,0.0,-1,0,25
1239992073,7562769,0.2,200.0,112.619995,0.0,0.0,0.0,0.0,0.0,0.0,0.0,-1,0,25
1240996479,7562769,0.2,200.0,113.84,0.0,0.0,0.0,0.0,0.0,0.0,0.0,-1,0,25
1241974387,7562769,0.2,200.0,115.38,0.0,0.0,0.0,0.0,0.0,0.0,0.0,-1,0,25
1242978626,7562769,0.2,200.0,119.25,0.0,0.0,0.0,0.0,0.0,0.0,0.0,-1,0,25
1243983632,7562769,0.2,200.0,115.35,0.0,0.0,0.0,0.0,0.0,0.0,0.0,-1,0,25
1244988045,7562769,0.2,200.0,114.09,0.0,0.0,0.0,0.0,0.0,0.0,0.0,-1,0,25
1245992427,7562769,0.2,200.0,135.42,0.0,0.0,0.0,0.0,0.0,0.0,0.0,-1,0,25
1246996606,7562769,0.2,200.0,141.8,0.0,0.0,0.0,0.0,0.0,0.0,0.0,-1,0,25
1247974652,7562769,0.2,200.0,133.73999,0.0,0.0,0.0,0.0,0.0,0.0,0.0,-1,0,25
1248978845,7562769,0.2,200.0,147.7,0.0,0.0,0.0,0.0,0.0,0.0,0.0,-1,0,25
1249983053,7562769,0.2,200.0,148.18,0.0,0.0,0.0,0.0,0.0,0.0,0.0,-1,0,25
1250988242,7562769,0.2,200.0,131.84999,0.0,0.0,0.0,0.0,0.0,0.0,0.0,-1,0,25
1251992524,7562769,0.2,200.0,130.29,0.0,0.0,0.0,0.0,0.0,0.0,0.0,-1,0,25
1252997289,7562769,0.2,200.0,124.299995,0.0,0.0,0.0,0.0,0.0,0.0,0.0,-1,0,25
1253974553,7562769,0.2,200.0,120.09,0.0,0.0,0.0,0.0,0.0,0.0,0.0,-1,0,25
1254978463,7562769,0.2,200.0,117.28,0.0,0.0,0.0,0.0,0.0,0.0,0.0,-1,0,25
1255982225,7562769,0.2,200.0,115.96,0.0,0.0,0.0,0.0,0.0,0.0,0.0,-1,0,25
1256986876,7562769,0.2,200.0,109.75,0.0,0.0,0.0,0.0,0.0,0.0,0.0,-1,0,25
1257990706,7562769,0.2,200.0,108.299995,0.0,0.0,0.0,0.0,0.0,0.0,0.0,-1,0,25
1258994647,7562769,0.2,200.0,109.25,0.0,0.0,0.0,0.0,0.0,0.0,0.0,-1,0,25
1259998735,7562769,0.2,200.0,107.799995,0.0,0.0,0.0,0.0,0.0,0.0,0.0,-1,0,25
1260976915,7562769,0.2,200.0,107.409996,0.0,0.0,0.0,0.0,0.0,0.0,0.0,-1,0,25
1261981807,7562769,0.2,200.0,106.54,0.0,0.0,0.0,0.0,0.0,0.0,0.0,-1,0,25
1262985849,7562769,0.2,200.0,106.38,0.0,0.0,0.0,0.0,0.0,0.0,0.0,-1,0,25
1263990138,7562769,0.2,200.0,104.49,0.0,0.0,0.0,0.0,0.0,0.0,0.0,-1,0,25
1264994909,7562769,0.2,200.0,105.17,0.0,0.0,0.0,0.0,0.0,0.0,0.0,-1,0,25
1265973213,7562769,0.2,200.0,107.07,0.0,0.0,0.0,0.0,0.0,0.0,0.0,-1,0,25
1266976933,7562769,0.2,200.0,108.57,0.0,0.0,0.0,0.0,0.0,0.0,0.0,-1,0,25
1267981021,7562769,0.2,200.0,111.92,0.0,0.0,0.0,0.0,0.0,0.0,0.0,-1,0,25
1268984649,7562769,0.2,200.0,110.96,0.0,0.0,0.0,0.0,0.0,0.0,0.0,-1,0,25
1269989314,7562769,0.2,200.0,114.03,0.0,0.0,0.0,0.0,0.0,0.0,0.0,-1,0,25
1270993205,7562769,0.2,200.0,115.84,0.0,0.0,0.0,0.0,0.0,0.0,0.0,-1,0,25
1271996924,7562769,0.2,200.0,117.579994,0.0,0.0,0.0,0.0,0.0,0.0,0.0,-1,0,25
1272975471,7562769,0.2,200.0,121.64,0.0,0.0,0.0,0.0,0.0,0.0,0.0,-1,0,25
1273979656,7562769,0.2,200.0,121.729996,0.0,0.0,0.0,0.0,0.0,0.0,0.0,-1,0,25
1274983913,7562769,0.2,200.0,116.439995,0.0,0.0,0.0,0.0,0.0,0.0,0.0,-1,0,25
1275987716,7562769,0.2,200.0,128.54,0.0,0.0,0.0,0.0,0.0,0.0,0.0,-1,0,25
1276991484,7562769,0.2,200.0,124.479996,0.0,0.0,0.0,0.0,0.0,0.0,0.0,-1,0,25
1277995777,7562769,0.2,200.0,132.03,0.0,0.0,0.0,0.0,0.0,0.0,0.0,-1,0,25
1278973202,7562769,0.2,200.0,143.53,0.0,0.0,0.0,0.0,0.0,0.0,0.0,-1,0,25
1279976931,7562769,0.2,200.0,145.81,0.0,0.0,0.0,0.0,0.0,0.0,0.0,-1,0,25
1280981678,7562769,0.2,200.0,143.97,0.0,0.0,0.0,0.0,0.0,0.0,0.0,-1,0,25
1281986052,7562769,0.2,200.0,132.79,0.0,0.0,0.0,0.0,0.0,0.0,0.0,-1,0,25
1282990033,7562769,0.2,200.0,128.55,0.0,0.0,0.0,0.0,0.0,0.0,0.0,-1,0,25
1283993919,7562769,0.2,200.0,121.96999,0.0,0.0,0.0,0.0,0.0,0.0,0.0,-1,0,25
1284998211,7562769,0.2,200.0,117.579994,0.0,0.0,0.0,0.0,0.0,0.0,0.0,-1,0,25
1285976329,7562769,0.2,200.0,115.829994,0.0,0.0,0.0,0.0,0.0,0.0,0.0,-1,0,25
1286980846,7562769,0.2,200.0,112.39,0.0,0.0,0.0,0.0,0.0,0.0,0.0,-1,0,25
1287984918,7562769,0.2,200.0,110.54,0.0,0.0,0.0,0.0,0.0,0.0,0.0,-1,0,25
1288989002,7562769,0.2,200.0,109.84,0.0,0.0,0.0,0.0,0.0,0.0,0.0,-1,0,25
1289993125,7562769,0.2,200.0,109.57,0.0,0.0,0.0,0.0,0.0,0.0,0.0,-1,0,25
1290997631,7562769,0.2,200.0,107.13,0.0,0.0,0.0,0.0,0.0,0.0,0.0,-1,0,25
1291975759,7562769,0.2,200.0,106.82,0.0,0.0,0.0,0.0,0.0,0.0,0.0,-1,0,25
1292980480,7562769,0.2,200.0,107.63,0.0,0.0,0.0,0.0,0.0,0.0,0.0,-1,0,25
1293984701,7562769,0.2,200.0,101.53,0.0,0.0,0.0,0.0,0.0,0.0,0.0,-1,0,25
1294988883,7562769,0.2,200.0,106.68,0.0,0.0,0.0,0.0,0.0,0.0,0.0,-1,0,25
1295992758,7562769,0.2,200.0,108.979996,0.0,0.0,0.0,0.0,0.0,0.0,0.0,-1,0,25
1296996661,7562769,0.2,200.0,110.46,0.0,0.0,0.0,0.0,0.0,0.0,0.0,-1,0,25
1297974129,7562769,0.2,200.0,111.28,0.0,0.0,0.0,0.0,0.0,0.0,0.0,-1,0,25
1298978298,7562769,0.2,200.0,111.81,0.0,0.0,0.0,0.0,0.0,0.0,0.0,-1,0,25
1299982863,7562769,0.2,200.0,113.17,0.0,0.0,0.0,0.0,0.0,0.0,0.0,-1,0,25
1300986919,7562769,0.2,200.0,114.6,0.0,0.0,0.0,0.0,0.0,0.0,0.0,-1,0,25
1301991056,7562769,0.2,200.0,116.299995,0.0,0.0,0.0,0.0,0.0,0.0,0.0,-1,0,25
1302994994,7562769,0.2,200.0,121.18,0.0,0.0,0.0,0.0,0.0,0.0,0.0,-1,0,25
1303972554,7562769,0.2,200.0,117.13,0.0,0.0,0.0,0.0,0.0,0.0,0.0,-1,0,25
1304977175,7562769,0.2,200.0,126.06,0.0,0.0,0.0,0.0,0.0,0.0,0.0,-1,0,25
1305980865,7562769,0.2,200.0,132.69,0.0,0.0,0.0,0.0,0.0,0.0,0.0,-1,0,25
1306984980,7562769,0.2,200.0,132.58,0.0,0.0,0.0,0.0,0.0,0.0,0.0,-1,0,25
1307990154,7562769,0.2,200.0,137.09,0.0,0.0,0.0,0.0,0.0,0.0,0.0,-1,0,25
1308994861,7562769,0.2,200.0,146.37,0.0,0.0,0.0,0.0,0.0,0.0,0.0,-1,0,25
1309999317,7562769,0.2,200.0,144.5,0.0,0.0,0.0,0.0,0.0,0.0,0.0,-1,0,25
1310976978,7562769,0.2,200.0,142.18,0.0,0.0,0.0,0.0,0.0,0.0,0.0,-1,0,25
1311981576,7562769,0.2,200.0,130.9,0.0,0.0,0.0,0.0,0.0,0.0,0.0,-1,0,25
1312986815,7562769,0.2,200.0,131.77,0.0,0.0,0.0,0.0,0.0,0.0,0.0,-1,0,25
1313990960,7562769,0.2,200.0,123.29,0.0,0.0,0.0,0.0,0.0,0.0,0.0,-1,0,25
1314995333,7562769,0.2,200.0,118.25,0.0,0.0,0.0,0.0,0.0,0.0,0.0,-1,0,25
1315973379,7562769,0.2,200.0,117.06,0.0,0.0,0.0,0.0,0.0,0.0,0.0,-1,0,25
1316977074,7562769,0.2,200.0,115.38,0.0,0.0,0.0,0.0,0.0,0.0,0.0,-1,0,25
1317981735,7562769,0.2,200.0,111.799995,0.0,0.0,0.0,0.0,0.0,0.0,0.0,-1,0,25
1318986081,7562769,0.2,200.0,109.649994,0.0,0.0,0.0,0.0,0.0,0.0,0.0,-1,0,25
1319990228,7562769,0.2,200.0,108.07,0.0,0.0,0.0,0.0,0.0,0.0,0.0,-1,0,25
1320994438,7562769,0.2,200.0,107.0,0.0,0.0,0.0,0.0,0.0,0.0,0.0,-1,0,25
1321971779,7562769,0.2,200.0,106.579994,0.0,0.0,0.0,0.0,0.0,0.0,0.0,-1,0,25
1322976480,7562769,0.2,200.0,106.689995,0.0,0.0,0.0,0.0,0.0,0.0,0.0,-1,0,25
1323980523,7562769,0.2,200.0,102.54,0.0,0.0,0.0,0.0,0.0,0.0,0.0,-1,0,25
1324983857,7562769,0.2,200.0,106.549995,0.0,0.0,0.0,0.0,0.0,0.0,0.0,-1,0,25
1325988129,7562769,0.2,200.0,107.49,0.0,0.0,0.0,0.0,0.0,0.0,0.0,-1,0,25
1326992730,7562769,0.2,200.0,108.96,0.0,0.0,0.0,0.0,0.0,0.0,0.0,-1,0,25
1327996873,7562769,0.2,200.0,109.84,0.0,0.0,0.0,0.0,0.0,0.0,0.0,-1,0,25
1328974651,7562769,0.2,200.0,112.52,0.0,0.0,0.0,0.0,0.0,0.0,0.0,-1,0,25
1329978922,7562769,0.2,200.0,113.729996,0.0,0.0,0.0,0.0,0.0,0.0,0.0,-1,0,25
1330982889,7562769,0.2,200.0,114.57,0.0,0.0,0.0,0.0,0.0,0.0,0.0,-1,0,25
1331987295,7562769,0.2,200.0,114.93,0.0,0.0,0.0,0.0,0.0,0.0,0.0,-1,0,25
1332991624,7562769,0.2,200.0,123.29,0.0,0.0,0.0,0.0,0.0,0.0,0.0,-1,0,25
1333995463,7562769,0.2,200.0,113.299995,0.0,0.0,0.0,0.0,0.0,0.0,0.0,-1,0,25
1334973764,7562769,0.2,200.0,114.0,0.0,0.0,0.0,0.0,0.0,0.0,0.0,-1,0,25
1335977810,7562769,0.2,200.0,131.48999,0.0,0.0,0.0,0.0,0.0,0.0,0.0,-1,0,25
1336982145,7562769,0.2,200.0,136.87999,0.0,0.0,0.0,0.0,0.0,0.0,0.0,-1,0,25
1337986527,7562769,0.2,200.0,127.52,0.0,0.0,0.0,0.0,0.0,0.0,0.0,-1,0,25
1338990646,7562769,0.2,200.0,147.31,0.0,0.0,0.0,0.0,0.0,0.0,0.0,-1,0,25
1339994230,7562769,0.2,200.0,141.44,0.0,0.0,0.0,0.0,0.0,0.0,0.0,-1,0,25
1340998365,7562769,0.2,200.0,138.37,0.0,0.0,0.0,0.0,0.0,0.0,0.0,-1,0,25
1341975806,7562769,0.2,200.0,135.89,0.0,0.0,0.0,0.0,0.0,0.0,0.0,-1,0,25
1342979603,7562769,0.2,200.0,126.86,0.0,0.0,0.0,0.0,0.0,0.0,0.0,-1,0,25
1343983361,7562769,0.2,200.0,126.89,0.0,0.0,0.0,0.0,0.0,0.0,0.0,-1,0,25
1344987959,7562769,0.2,200.0,123.159996,0.0,0.0,0.0,0.0,0.0,0.0,0.0,-1,0,25
1345992050,7562769,0.2,200.0,113.119995,0.0,0.0,0.0,0.0,0.0,0.0,0.0,-1,0,25
1346996334,7562769,0.2,200.0,110.689995,0.0,0.0,0.0,0.0,0.0,0.0,0.0,-1,0,25
1347973358,7562769,0.2,200.0,109.24,0.0,0.0,0.0,0.0,0.0,0.0,0.0,-1,0,25
1348977701,7562769,0.2,200.0,108.49,0.0,0.0,0.0,0.0,0.0,0.0,0.0,-1,0,25
1349981490,7562769,0.2,200.0,106.97,0.0,0.0,0.0,0.0,0.0,0.0,0.0,-1,0,25
1350985960,7562769,0.2,200.0,107.439995,0.0,0.0,0.0,0.0,0.0,0.0,0.0,-1,0,25
1351990884,7562769,0.2,200.0,106.149994,0.0,0.0,0.0,0.0,0.0,0.0,0.0,-1,0,25
1352994741,7562769,0.2,200.0,106.24,0.0,0.0,0.0,0.0,0.0,0.0,0.0,-1,0,25
1353972717,7562769,0.2,200.0,100.229996,0.0,0.0,0.0,0.0,0.0,0.0,0.0,-1,0,25
1354976726,7562769,0.2,200.0,104.38,0.0,0.0,0.0,0.0,0.0,0.0,0.0,-1,0,25
1355981072,7562769,0.2,200.0,107.34,0.0,0.0,0.0,0.0,0.0,0.0,0.0,-1,0,25
1356985748,7562769,0.2,200.0,108.61,0.0,0.0,0.0,0.0,0.0,0.0,0.0,-1,0,25
1357990405,7562769,0.2,200.0,110.63,0.0,0.0,0.0,0.0,0.0,0.0,0.0,-1,0,25
1358994007,7562769,0.2,200.0,111.56,0.0,0.0,0.0,0.0,0.0,0.0,0.0,-1,0,25
1359972675,7562769,0.2,200.0,113.399994,0.0,0.0,0.0,0.0,0.0,0.0,0.0,-1,0,25
1360977172,7562769,0.2,200.0,115.47,0.0,0.0,0.0,0.0,0.0,0.0,0.0,-1,0,25
1361981921,7562769,0.2,200.0,118.61,0.0,0.0,0.0,0.0,0.0,0.0,0.0,-1,0,25
1362986525,7562769,0.2,200.0,122.03,0.0,0.0,0.0,0.0,0.0,0.0,0.0,-1,0,25
1363990942,7562769,0.2,200.0,121.54,0.0,0.0,0.0,0.0,0.0,0.0,0.0,-1,0,25
1364995425,7562769,0.2,200.0,111.92,0.0,0.0,0.0,0.0,0.0,0.0,0.0,-1,0,25
1365999048,7562769,0.2,200.0,126.119995,0.0,0.0,0.0,0.0,0.0,0.0,0.0,-1,0,25
1366977262,7562769,0.2,200.0,136.92,0.0,0.0,0.0,0.0,0.0,0.0,0.0,-1,0,25
1367981864,7562769,0.2,200.0,131.98,0.0,0.0,0.0,0.0,0.0,0.0,0.0,-1,0,25
1368986065,7562769,0.2,200.0,138.14,0.0,0.0,0.0,0.0,0.0,0.0,0.0,-1,0,25
1369990232,7562769,0.2,200.0,142.52,0.0,0.0,0.0,0.0,0.0,0.0,0.0,-1,0,25
1370994077,7562769,0.2,200.0,135.7,0.0,0.0,0.0,0.0,0.0,0.0,0.0,-1,0,25
1371998717,7562769,0.2,200.0,134.61,0.0,0.0,0.0,0.0,0.0,0.0,0.0,-1,0,25
1372975990,7562769,0.2,200.0,125.71999,0.0,0.0,0.0,0.0,0.0,0.0,0.0,-1,0,25
1373979951,7562769,0.2,200.0,126.18,0.0,0.0,0.0,0.0,0.0,0.0,0.0,-1,0,25
1374983876,7562769,0.2,200.0,119.84,0.0,0.0,0.0,0.0,0.0,0.0,0.0,-1,0,25
1375988348,7562769,0.2,200.0,119.6,0.0,0.0,0.0,0.0,0.0,0.0,0.0,-1,0,25
1376992565,7562769,0.2,200.0,113.119995,0.0,0.0,0.0,0.0,0.0,0.0,0.0,-1,0,25
1377996743,7562769,0.2,200.0,110.85,0.0,0.0,0.0,0.0,0.0,0.0,0.0,-1,0,25
1378975096,7562769,0.2,200.0,109.85,0.0,0.0,0.0,0.0,0.0,0.0,0.0,-1,0,25
1379980067,7562769,0.2,200.0,109.49,0.0,0.0,0.0,0.0,0.0,0.0,0.0,-1,0,25
1380984010,7562769,0.2,200.0,108.38,0.0,0.0,0.0,0.0,0.0,0.0,0.0,-1,0,25
1381987721,7562769,0.2,200.0,108.63,0.0,0.0,0.0,0.0,0.0,0.0,0.0,-1,0,25
1382991402,7562769,0.2,200.0,106.399994,0.0,0.0,0.0,0.0,0.0,0.0,0.0,-1,0,25
1383995568,7562769,0.2,200.0,105.78,0.0,0.0,0.0,0.0,0.0,0.0,0.0,-1,0,25
1384973004,7562769,0.2,200.0,106.04,0.0,0.0,0.0,0.0,0.0,0.0,0.0,-1,0,25
1385977852,7562769,0.2,200.0,109.25,0.0,0.0,0.0,0.0,0.0,0.0,0.0,-1,0,25
1386982611,7562769,0.2,200.0,111.329994,0.0,0.0,0.0,0.0,0.0,0.0,0.0,-1,0,25
1387986929,7562769,0.2,200.0,113.079994,0.0,0.0,0.0,0.0,0.0,0.0,0.0,-1,0,25
1388990404,7562769,0.2,200.0,113.299995,0.0,0.0,0.0,0.0,0.0,0.0,0.0,-1,0,25
1389994863,7562769,0.2,200.0,114.869995,0.0,0.0,0.0,0.0,0.0,0.0,0.0,-1,0,25
1390972619,7562769,0.2,200.0,114.659996,0.0,0.0,0.0,0.0,0.0,0.0,0.0,-1,0,25
1391976930,7562769,0.2,200.0,119.28,0.0,0.0,0.0,0.0,0.0,0.0,0.0,-1,0,25
1392981458,7562769,0.2,200.0,123.03,0.0,0.0,0.0,0.0,0.0,0.0,0.0,-1,0,25
1393985740,7562769,0.2,200.0,114.61,0.0,0.0,0.0,0.0,0.0,0.0,0.0,-1,0,25
1394989066,7562769,0.2,200.0,120.03,0.0,0.0,0.0,0.0,0.0,0.0,0.0,-1,0,25
1395992661,7562769,0.2,200.0,141.03,0.0,0.0,0.0,0.0,0.0,0.0,0.0,-1,0,25
1396997081,7562769,0.2,200.0,127.13,0.0,0.0,0.0,0.0,0.0,0.0,0.0,-1,0,25
1397975023,7562769,0.2,200.0,138.65,0.0,0.0,0.0,0.0,0.0,0.0,0.0,-1,0,25
1398979579,7562769,0.2,200.0,154.51999,0.0,0.0,0.0,0.0,0.0,0.0,0.0,-1,0,25
1399984207,7562769,0.2,200.0,147.79,0.0,0.0,0.0,0.0,0.0,0.0,0.0,-1,0,25
1400988681,7562769,0.2,200.0,140.09,0.0,0.0,0.0,0.0,0.0,0.0,0.0,-1,0,25
1401993275,7562769,0.2,200.0,129.56999,0.0,0.0,0.0,0.0,0.0,0.0,0.0,-1,0,25
1402997927,7562769,0.2,200.0,123.79,0.0,0.0,0.0,0.0,0.0,0.0,0.0,-1,0,25
1403975856,7562769,0.2,200.0,121.39,0.0,0.0,0.0,0.0,0.0,0.0,0.0,-1,0,25
1404979389,7562769,0.2,200.0,118.93,0.0,0.0,0.0,0.0,0.0,0.0,0.0,-1,0,25
1405983764,7562769,0.2,200.0,115.78,0.0,0.0,0.0,0.0,0.0,0.0,0.0,-1,0,25
1406987870,7562769,0.2,200.0,109.939995,0.0,0.0,0.0,0.0,0.0,0.0,0.0,-1,0,25
1407991802,7562769,0.2,200.0,109.68,0.0,0.0,0.0,0.0,0.0,0.0,0.0,-1,0,25
1408996521,7562769,0.2,200.0,109.869995,0.0,0.0,0.0,0.0,0.0,0.0,0.0,-1,0,25
1409974127,7562769,0.2,200.0,107.13,0.0,0.0,0.0,0.0,0.0,0.0,0.0,-1,0,25
1410978847,7562769,0.2,200.0,107.229996,0.0,0.0,0.0,0.0,0.0,0.0,0.0,-1,0,25
1411983014,7562769,0.2,200.0,107.27,0.0,0.0,0.0,0.0,0.0,0.0,0.0,-1,0,25
1412987807,7562769,0.2,200.0,99.25,0.0,0.0,0.0,0.0,0.0,0.0,0.0,-1,0,25
1413991790,7562769,0.2,200.0,107.36,0.0,0.0,0.0,0.0,0.0,0.0,0.0,-1,0,25
1414996426,7562769,0.2,200.0,109.659996,0.0,0.0,0.0,0.0,0.0,0.0,0.0,-1,0,25
1415973761,7562769,0.2,200.0,110.82,0.0,0.0,0.0,0.0,0.0,0.0,0.0,-1,0,25
1416978268,7562769,0.2,200.0,110.189995,0.0,0.0,0.0,0.0,0.0,0.0,0.0,-1,0,25
1417982163,7562769,0.2,200.0,112.509995,0.0,0.0,0.0,0.0,0.0,0.0,0.0,-1,0,25
1418986300,7562769,0.2,200.0,114.53,0.0,0.0,0.0,0.0,0.0,0.0,0.0,-1,0,25
1419991043,7562769,0.2,200.0,116.17,0.0,0.0,0.0,0.0,0.0,0.0,0.0,-1,0,25
1420995259,7562769,0.2,200.0,118.649994,0.0,0.0,0.0,0.0,0.0,0.0,0.0,-1,0,25
1421999310,7562769,0.2,200.0,122.43,0.0,0.0,0.0,0.0,0.0,0.0,0.0,-1,0,25
1422977429,7562769,0.2,200.0,119.04,0.0,0.0,0.0,0.0,0.0,0.0,0.0,-1,0,25
1423981739,7562769,0.2,200.0,117.57,0.0,0.0,0.0,0.0,0.0,0.0,0.0,-1,0,25
1424985459,7562769,0.2,200.0,134.45999,0.0,0.0,0.0,0.0,0.0,0.0,0.0,-1,0,25
1425989161,7562769,0.2,200.0,126.77,0.0,0.0,0.0,0.0,0.0,0.0,0.0,-1,0,25
1426993354,7562769,0.2,200.0,143.91,0.0,0.0,0.0,0.0,0.0,0.0,0.0,-1,0,25
1427997733,7562769,0.2,200.0,147.17,0.0,0.0,0.0,0.0,0.0,0.0,0.0,-1,0,25
1428975243,7562769,0.2,200.0,146.11,0.0,0.0,0.0,0.0,0.0,0.0,0.0,-1,0,25
1429979649,7562769,0.2,200.0,141.01,0.0,0.0,0.0,0.0,0.0,0.0,0.0,-1,0,25
1430984092,7562769,0.2,200.0,133.67,0.0,0.0,0.0,0.0,0.0,0.0,0.0,-1,0,25
1431988271,7562769,0.2,200.0,126.759995,0.0,0.0,0.0,0.0,0.0,0.0,0.0,-1,0,25
1432992190,7562769,0.2,200.0,120.17,0.0,0.0,0.0,0.0,0.0,0.0,0.0,-1,0,25
1433997621,7562769,0.2,200.0,118.159996,0.0,0.0,0.0,0.0,0.0,0.0,0.0,-1,0,25
1434975399,7562769,0.2,200.0,114.34,0.0,0.0,0.0,0.0,0.0,0.0,0.0,-1,0,25
1435979274,7562769,0.2,200.0,110.829994,0.0,0.0,0.0,0.0,0.0,0.0,0.0,-1,0,25
1436983395,7562769,0.2,200.0,109.97,0.0,0.0,0.0,0.0,0.0,0.0,0.0,-1,0,25
1437988831,7562769,0.2,200.0,108.649994,0.0,0.0,0.0,0.0,0.0,0.0,0.0,-1,0,25
1438992465,7562769,0.2,200.0,107.939995,0.0,0.0,0.0,0.0,0.0,0.0,0.0,-1,0,25
1439996647,7562769,0.2,200.0,107.439995,0.0,0.0,0.0,0.0,0.0,0.0,0.0,-1,0,25
1440974487,7562769,0.2,200.0,107.979996,0.0,0.0,0.0,0.0,0.0,0.0,0.0,-1,0,25
1441978652,7562769,0.2,200.0,106.28,0.0,0.0,0.0,0.0,0.0,0.0,0.0,-1,0,25
1442982898,7562769,0.2,200.0,106.03,0.0,0.0,0.0,0.0,0.0,0.0,0.0,-1,0,25
1443987132,7562769,0.2,200.0,107.74,0.0,0.0,0.0,0.0,0.0,0.0,0.0,-1,0,25
1444990590,7562769,0.2,200.0,110.68,0.0,0.0,0.0,0.0,0.0,0.0,0.0,-1,0,25
1445995572,7562769,0.2,200.0,111.0,0.0,0.0,0.0,0.0,0.0,0.0,0.0,-1,0,25
1446974429,7562769,0.2,200.0,111.259995,0.0,0.0,0.0,0.0,0.0,0.0,0.0,-1,0,25
1447978773,7562769,0.2,200.0,113.22,0.0,0.0,0.0,0.0,0.0,0.0,0.0,-1,0,25
1448983596,7562769,0.2,200.0,113.93,0.0,0.0,0.0,0.0,0.0,0.0,0.0,-1,0,25
1449987728,7562769,0.2,200.0,115.18,0.0,0.0,0.0,0.0,0.0,0.0,0.0,-1,0,25
1450992597,7562769,0.2,200.0,120.759995,0.0,0.0,0.0,0.0,0.0,0.0,0.0,-1,0,25
1451996730,7562769,0.2,200.0,124.579994,0.0,0.0,0.0,0.0,0.0,0.0,0.0,-1,0,25
1452974894,7562769,0.2,200.0,113.67,0.0,0.0,0.0,0.0,0.0,0.0,0.0,-1,0,25
1453979511,7562769,0.2,200.0,126.54,0.0,0.0,0.0,0.0,0.0,0.0,0.0,-1,0,25
1454984153,7562769,0.2,200.0,146.47,0.0,0.0,0.0,0.0,0.0,0.0,0.0,-1,0,25
1455988212,7562769,0.2,200.0,133.97,0.0,0.0,0.0,0.0,0.0,0.0,0.0,-1,0,25
1456992712,7562769,0.2,200.0,143.23,0.0,0.0,0.0,0.0,0.0,0.0,0.0,-1,0,25
1457996990,7562769,0.2,200.0,145.73,0.0,0.0,0.0,0.0,0.0,0.0,0.0,-1,0,25
1458974855,7562769,0.2,200.0,145.03,0.0,0.0,0.0,0.0,0.0,0.0,0.0,-1,0,25
1459978834,7562769,0.2,200.0,134.91,0.0,0.0,0.0,0.0,0.0,0.0,0.0,-1,0,25
1460983509,7562769,0.2,200.0,129.84999,0.0,0.0,0.0,0.0,0.0,0.0,0.0,-1,0,25
1461987517,7562769,0.2,200.0,125.45,0.0,0.0,0.0,0.0,0.0,0.0,0.0,-1,0,25
1462991624,7562769,0.2,200.0,123.06,0.0,0.0,0.0,0.0,0.0,0.0,0.0,-1,0,25
1463996324,7562769,0.2,200.0,114.54,0.0,0.0,0.0,0.0,0.0,0.0,0.0,-1,0,25
1464974846,7562769,0.2,200.0,111.79,0.0,0.0,0.0,0.0,0.0,0.0,0.0,-1,0,25
1465979234,7562769,0.2,200.0,111.909996,0.0,0.0,0.0,0.0,0.0,0.0,0.0,-1,0,25
1466983643,7562769,0.2,200.0,108.93,0.0,0.0,0.0,0.0,0.0,0.0,0.0,-1,0,25
1467987591,7562769,0.2,200.0,107.259995,0.0,0.0,0.0,0.0,0.0,0.0,0.0,-1,0,25
1468992273,7562769,0.2,200.0,108.45,0.0,0.0,0.0,0.0,0.0,0.0,0.0,-1,0,25
1469996458,7562769,0.2,200.0,107.29,0.0,0.0,0.0,0.0,0.0,0.0,0.0,-1,0,25
1470974094,7562769,0.2,200.0,102.369995,0.0,0.0,0.0,0.0,0.0,0.0,0.0,-1,0,25
1471978245,7562769,0.2,200.0,106.88,0.0,0.0,0.0,0.0,0.0,0.0,0.0,-1,0,25
1472982122,7562769,0.2,200.0,108.619995,0.0,0.0,0.0,0.0,0.0,0.0,0.0,-1,0,25
1473987054,7562769,0.2,200.0,110.29,0.0,0.0,0.0,0.0,0.0,0.0,0.0,-1,0,25
1474991766,7562769,0.2,200.0,111.57,0.0,0.0,0.0,0.0,0.0,0.0,0.0,-1,0,25
1475996369,7562769,0.2,200.0,113.259995,0.0,0.0,0.0,0.0,0.0,0.0,0.0,-1,0,25
1476974764,7562769,0.2,200.0,113.52,0.0,0.0,0.0,0.0,0.0,0.0,0.0,-1,0,25
1477979198,7562769,0.2,200.0,117.45,0.0,0.0,0.0,0.0,0.0,0.0,0.0,-1,0,25
1478982928,7562769,0.2,200.0,119.369995,0.0,0.0,0.0,0.0,0.0,0.0,0.0,-1,0,25
1479987344,7562769,0.2,200.0,125.56,0.0,0.0,0.0,0.0,0.0,0.0,0.0,-1,0,25
1480991278,7562769,0.2,200.0,120.56,0.0,0.0,0.0,0.0,0.0,0.0,0.0,-1,0,25
1481995749,7562769,0.2,200.0,126.36,0.0,0.0,0.0,0.0,0.0,0.0,0.0,-1,0,25
1482973432,7562769,0.2,200.0,135.15,0.0,0.0,0.0,0.0,0.0,0.0,0.0,-1,0,25
1483978036,7562769,0.2,200.0,142.36,0.0,0.0,0.0,0.0,0.0,0.0,0.0,-1,0,25
1484982734,7562769,0.2,200.0,140.84,0.0,0.0,0.0,0.0,0.0,0.0,0.0,-1,0,25
1485987000,7562769,0.2,200.0,149.18,0.0,0.0,0.0,0.0,0.0,0.0,0.0,-1,0,25
1486991487,7562769,0.2,200.0,148.73999,0.0,0.0,0.0,0.0,0.0,0.0,0.0,-1,0,25
1487995877,7562769,0.2,200.0,140.67,0.0,0.0,0.0,0.0,0.0,0.0,0.0,-1,0,25
1488973167,7562769,0.2,200.0,127.96999,0.0,0.0,0.0,0.0,0.0,0.0,0.0,-1,0,25
1489977811,7562769,0.2,200.0,119.729996,0.0,0.0,0.0,0.0,0.0,0.0,0.0,-1,0,25
1490982314,7562769,0.2,200.0,122.79,0.0,0.0,0.0,0.0,0.0,0.0,0.0,-1,0,25
1491986917,7562769,0.2,200.0,117.009995,0.0,0.0,0.0,0.0,0.0,0.0,0.0,-1,0,25
1492991487,7562769,0.2,200.0,111.22,0.0,0.0,0.0,0.0,0.0,0.0,0.0,-1,0,25
1493995250,7562769,0.2,200.0,109.61,0.0,0.0,0.0,0.0,0.0,0.0,0.0,-1,0,25
1494999287,7562769,0.2,200.0,108.64,0.0,0.0,0.0,0.0,0.0,0.0,0.0,-1,0,25
1495976912,7562769,0.2,200.0,107.96,0.0,0.0,0.0,0.0,0.0,0.0,0.0,-1,0,25
1496980668,7562769,0.2,200.0,107.29,0.0,0.0,0.0,0.0,0.0,0.0,0.0,-1,0,25
1497985357,7562769,0.2,200.0,106.7,0.0,0.0,0.0,0.0,0.0,0.0,0.0,-1,0,25
1498989162,7562769,0.2,200.0,106.49,0.0,0.0,0.0,0.0,0.0,0.0,0.0,-1,0,25
1499993490,7562769,0.2,200.0,106.61,0.0,0.0,0.0,0.0,0.0,0.0,0.0,-1,0,25
1500997189,7562769,0.2,200.0,105.04,0.0,0.0,0.0,0.0,0.0,0.0,0.0,-1,0,25
1501974538,7562769,0.2,200.0,106.29,0.0,0.0,0.0,0.0,0.0,0.0,0.0,-1,0,25
1502978419,7562769,0.2,200.0,108.04,0.0,0.0,0.0,0.0,0.0,0.0,0.0,-1,0,25
1503983372,7562769,0.2,200.0,109.84,0.0,0.0,0.0,0.0,0.0,0.0,0.0,-1,0,25
1504988010,7562769,0.2,200.0,112.06,0.0,0.0,0.0,0.0,0.0,0.0,0.0,-1,0,25
1505991468,7562769,0.2,200.0,112.86,0.0,0.0,0.0,0.0,0.0,0.0,0.0,-1,0,25
1506995341,7562769,0.2,200.0,113.439995,0.0,0.0,0.0,0.0,0.0,0.0,0.0,-1,0,25
1507972953,7562769,0.2,200.0,117.579994,0.0,0.0,0.0,0.0,0.0,0.0,0.0,-1,0,25
1508977360,7562769,0.2,200.0,123.79,0.0,0.0,0.0,0.0,0.0,0.0,0.0,-1,0,25
1509981137,7562769,0.2,200.0,119.03,0.0,0.0,0.0,0.0,0.0,0.0,0.0,-1,0,25
1510984944,7562769,0.2,200.0,114.439995,0.0,0.0,0.0,0.0,0.0,0.0,0.0,-1,0,25
1511989713,7562769,0.2,200.0,131.19,0.0,0.0,0.0,0.0,0.0,0.0,0.0,-1,0,25
1512993425,7562769,0.2,200.0,136.18,0.0,0.0,0.0,0.0,0.0,0.0,0.0,-1,0,25
1513971762,7562769,0.2,200.0,131.59,0.0,0.0,0.0,0.0,0.0,0.0,0.0,-1,0,25
1514976253,7562769,0.2,200.0,150.56999,0.0,0.0,0.0,0.0,0.0,0.0,0.0,-1,0,25
1515980583,7562769,0.2,200.0,144.17,0.0,0.0,0.0,0.0,0.0,0.0,0.0,-1,0,25
1516984848,7562769,0.2,200.0,148.45,0.0,0.0,0.0,0.0,0.0,0.0,0.0,-1,0,25
1517989392,7562769,0.2,200.0,134.06999,0.0,0.0,0.0,0.0,0.0,0.0,0.0,-1,0,25
1518993529,7562769,0.2,200.0,127.829994,0.0,0.0,0.0,0.0,0.0,0.0,0.0,-1,0,25
1519997759,7562769,0.2,200.0,123.06,0.0,0.0,0.0,0.0,0.0,0.0,0.0,-1,0,25
1520974981,7562769,0.2,200.0,119.54,0.0,0.0,0.0,0.0,0.0,0.0,0.0,-1,0,25
1521979032,7562769,0.2,200.0,112.549995,0.0,0.0,0.0,0.0,0.0,0.0,0.0,-1,0,25
1522984036,7562769,0.2,200.0,110.579994,0.0,0.0,0.0,0.0,0.0,0.0,0.0,-1,0,25
1523988115,7562769,0.2,200.0,107.7,0.0,0.0,0.0,0.0,0.0,0.0,0.0,-1,0,25
1524992442,7562769,0.2,200.0,107.5,0.0,0.0,0.0,0.0,0.0,0.0,0.0,-1,0,25
1525996476,7562769,0.2,200.0,106.78,0.0,0.0,0.0,0.0,0.0,0.0,0.0,-1,0,25
1526974221,7562769,0.2,200.0,106.119995,0.0,0.0,0.0,0.0,0.0,0.0,0.0,-1,0,25
1527978022,7562769,0.2,200.0,105.71,0.0,0.0,0.0,0.0,0.0,0.0,0.0,-1,0,25
1528982879,7562769,0.2,200.0,105.38,0.0,0.0,0.0,0.0,0.0,0.0,0.0,-1,0,25
1529987496,7562769,0.2,200.0,105.149994,0.0,0.0,0.0,0.0,0.0,0.0,0.0,-1,0,25
1530991701,7562769,0.2,200.0,105.25,0.0,0.0,0.0,0.0,0.0,0.0,0.0,-1,0,25
1531996352,7562769,0.2,200.0,106.53,0.0,0.0,0.0,0.0,0.0,0.0,0.0,-1,0,25
1532974471,7562769,0.2,200.0,108.479996,0.0,0.0,0.0,0.0,0.0,0.0,0.0,-1,0,25
1533978477,7562769,0.2,200.0,109.899994,0.0,0.0,0.0,0.0,0.0,0.0,0.0,-1,0,25
1534982501,7562769,0.2,200.0,110.74,0.0,0.0,0.0,0.0,0.0,0.0,0.0,-1,0,25
1535986554,7562769,0.2,200.0,111.649994,0.0,0.0,0.0,0.0,0.0,0.0,0.0,-1,0,25
1536990771,7562769,0.2,200.0,112.759995,0.0,0.0,0.0,0.0,0.0,0.0,0.0,-1,0,25
1537995482,7562769,0.2,200.0,113.329994,0.0,0.0,0.0,0.0,0.0,0.0,0.0,-1,0,25
1538973640,7562769,0.2,200.0,117.7,0.0,0.0,0.0,0.0,0.0,0.0,0.0,-1,0,25
1539977600,7562769,0.2,200.0,120.579994,0.0,0.0,0.0,0.0,0.0,0.0,0.0,-1,0,25
1540982062,7562769,0.2,200.0,116.549995,0.0,0.0,0.0,0.0,0.0,0.0,0.0,-1,0,25
1541985771,7562769,0.2,200.0,119.1,0.0,0.0,0.0,0.0,0.0,0.0,0.0,-1,0,25
1542988559,7562769,0.2,200.0,134.59999,0.0,0.0,0.0,0.0,0.0,0.0,0.0,-1,0,25
1543981807,7562769,0.2,200.0,125.17,0.0,0.0,0.0,0.0,0.0,0.0,0.0,-1,0,25
1544986137,7562769,0.2,200.0,141.29,0.0,0.0,0.0,0.0,0.0,0.0,0.0,-1,0,25
1545990248,7562769,0.2,200.0,148.33,0.0,0.0,0.0,0.0,0.0,0.0,0.0,-1,0,25
1546994013,7562769,0.2,200.0,144.34,0.0,0.0,0.0,0.0,0.0,0.0,0.0,-1,0,25
1547998181,7562769,0.2,200.0,137.56,0.0,0.0,0.0,0.0,0.0,0.0,0.0,-1,0,25
1548976205,7562769,0.2,200.0,128.5,0.0,0.0,0.0,0.0,0.0,0.0,0.0,-1,0,25
1549980116,7562769,0.2,200.0,126.46999,0.0,0.0,0.0,0.0,0.0,0.0,0.0,-1,0,25
1550985006,7562769,0.2,200.0,118.57,0.0,0.0,0.0,0.0,0.0,0.0,0.0,-1,0,25
1551989326,7562769,0.2,200.0,117.049995,0.0,0.0,0.0,0.0,0.0,0.0,0.0,-1,0,25
1552993921,7562769,0.2,200.0,116.61,0.0,0.0,0.0,0.0,0.0,0.0,0.0,-1,0,25
1553997574,7562769,0.2,200.0,112.6,0.0,0.0,0.0,0.0,0.0,0.0,0.0,-1,0,25
1554975500,7562769,0.2,200.0,111.45,0.0,0.0,0.0,0.0,0.0,0.0,0.0,-1,0,25
1555979532,7562769,0.2,200.0,107.78,0.0,0.0,0.0,0.0,0.0,0.0,0.0,-1,0,25
1556983876,7562769,0.2,200.0,106.6,0.0,0.0,0.0,0.0,0.0,0.0,0.0,-1,0,25
1557987762,7562769,0.2,200.0,107.049995,0.0,0.0,0.0,0.0,0.0,0.0,0.0,-1,0,25
1558991637,7562769,0.2,200.0,105.369995,0.0,0.0,0.0,0.0,0.0,0.0,0.0,-1,0,25
1559996220,7562769,0.2,200.0,104.88,0.0,0.0,0.0,0.0,0.0,0.0,0.0,-1,0,25
1560974523,7562769,0.2,200.0,106.64,0.0,0.0,0.0,0.0,0.0,0.0,0.0,-1,0,25
1561979080,7562769,0.2,200.0,108.84,0.0,0.0,0.0,0.0,0.0,0.0,0.0,-1,0,25
1562983880,7562769,0.2,200.0,108.39,0.0,0.0,0.0,0.0,0.0,0.0,0.0,-1,0,25
1563988702,7562769,0.2,200.0,108.159996,0.0,0.0,0.0,0.0,0.0,0.0,0.0,-1,0,25
1564993217,7562769,0.2,200.0,110.42,0.0,0.0,0.0,0.0,0.0,0.0,0.0,-1,0,25
1565971208,7562769,0.2,200.0,110.649994,0.0,0.0,0.0,0.0,0.0,0.0,0.0,-1,0,25
1566975432,7562769,0.2,200.0,110.95,0.0,0.0,0.0,0.0,0.0,0.0,0.0,-1,0,25
1567979919,7562769,0.2,200.0,112.96,0.0,0.0,0.0,0.0,0.0,0.0,0.0,-1,0,25
1568983421,7562769,0.2,200.0,117.659996,0.0,0.0,0.0,0.0,0.0,0.0,0.0,-1,0,25
1569987572,7562769,0.2,200.0,120.57,0.0,0.0,0.0,0.0,0.0,0.0,0.0,-1,0,25
1570991589,7562769,0.2,200.0,109.75,0.0,0.0,0.0,0.0,0.0,0.0,0.0,-1,0,25
1571995898,7562769,0.2,200.0,128.20999,0.0,0.0,0.0,0.0,0.0,0.0,0.0,-1,0,25
1572973606,7562769,0.2,200.0,134.34999,0.0,0.0,0.0,0.0,0.0,0.0,0.0,-1,0,25
1573977396,7562769,0.2,200.0,130.59999,0.0,0.0,0.0,0.0,0.0,0.0,0.0,-1,0,25
1574981595,7562769,0.2,200.0,143.28,0.0,0.0,0.0,0.0,0.0,0.0,0.0,-1,0,25
1575985722,7562769,0.2,200.0,143.55,0.0,0.0,0.0,0.0,0.0,0.0,0.0,-1,0,25
1576990392,7562769,0.2,200.0,143.78,0.0,0.0,0.0,0.0,0.0,0.0,0.0,-1,0,25
1577994738,7562769,0.2,200.0,131.4,0.0,0.0,0.0,0.0,0.0,0.0,0.0,-1,0,25
1578972459,7562769,0.2,200.0,128.48999,0.0,0.0,0.0,0.0,0.0,0.0,0.0,-1,0,25
1579976242,7562769,0.2,200.0,121.17,0.0,0.0,0.0,0.0,0.0,0.0,0.0,-1,0,25
1580994201,7562769,0.2,200.0,118.0,0.0,0.0,0.0,0.0,0.0,0.0,0.0,-1,0,25
1581998473,7562769,0.2,200.0,112.13,0.0,0.0,0.0,0.0,0.0,0.0,0.0,-1,0,25
1582976254,7562769,0.2,200.0,110.619995,0.0,0.0,0.0,0.0,0.0,0.0,0.0,-1,0,25
1583980495,7562769,0.2,200.0,108.2,0.0,0.0,0.0,0.0,0.0,0.0,0.0,-1,0,25
1584984278,7562769,0.2,200.0,108.0,0.0,0.0,0.0,0.0,0.0,0.0,0.0,-1,0,25
1585988699,7562769,0.2,200.0,106.799995,0.0,0.0,0.0,0.0,0.0,0.0,0.0,-1,0,25
1586992532,7562769,0.2,200.0,105.93,0.0,0.0,0.0,0.0,0.0,0.0,0.0,-1,0,25
1587996219,7562769,0.2,200.0,106.07,0.0,0.0,0.0,0.0,0.0,0.0,0.0,-1,0,25
1588974559,7562769,0.2,200.0,105.6,0.0,0.0,0.0,0.0,0.0,0.0,0.0,-1,0,25
1589978974,7562769,0.2,200.0,99.909996,0.0,0.0,0.0,0.0,0.0,0.0,0.0,-1,0,25
1590983188,7562769,0.2,200.0,106.49,0.0,0.0,0.0,0.0,0.0,0.0,0.0,-1,0,25
1591987833,7562769,0.2,200.0,109.82,0.0,0.0,0.0,0.0,0.0,0.0,0.0,-1,0,25
1592991836,7562769,0.2,200.0,110.079994,0.0,0.0,0.0,0.0,0.0,0.0,0.0,-1,0,25
1593996231,7562769,0.2,200.0,110.729996,0.0,0.0,0.0,0.0,0.0,0.0,0.0,-1,0,25
1594974004,7562769,0.2,200.0,110.03,0.0,0.0,0.0,0.0,0.0,0.0,0.0,-1,0,25
1595978419,7562769,0.2,200.0,111.89,0.0,0.0,0.0,0.0,0.0,0.0,0.0,-1,0,25
1596982241,7562769,0.2,200.0,111.509995,0.0,0.0,0.0,0.0,0.0,0.0,0.0,-1,0,25
1597987173,7562769,0.2,200.0,115.729996,0.0,0.0,0.0,0.0,0.0,0.0,0.0,-1,0,25
1598991401,7562769,0.2,200.0,123.81,0.0,0.0,0.0,0.0,0.0,0.0,0.0,-1,0,25
1599995454,7562769,0.2,200.0,112.61,0.0,0.0,0.0,0.0,0.0,0.0,0.0,-1,0,25
1600972968,7562769,0.2,200.0,118.2,0.0,0.0,0.0,0.0,0.0,0.0,0.0,-1,0,25
1601976824,7562769,0.2,200.0,134.87,0.0,0.0,0.0,0.0,0.0,0.0,0.0,-1,0,25
1602981307,7562769,0.2,200.0,130.87,0.0,0.0,0.0,0.0,0.0,0.0,0.0,-1,0,25
1603985430,7562769,0.2,200.0,142.69,0.0,0.0,0.0,0.0,0.0,0.0,0.0,-1,0,25
1604989652,7562769,0.2,200.0,151.51,0.0,0.0,0.0,0.0,0.0,0.0,0.0,-1,0,25
1605994429,7562769,0.2,200.0,139.98999,0.0,0.0,0.0,0.0,0.0,0.0,0.0,-1,0,25
1606973480,7562769,0.2,200.0,106.68,0.0,0.0,0.0,0.0,0.0,0.0,0.0,-1,0,25
1607979028,7562769,0.2,200.0,105.86,0.0,0.0,0.0,0.0,0.0,0.0,0.0,-1,0,25
1608985545,7562769,0.2,200.0,105.52,0.0,0.0,0.0,0.0,0.0,0.0,0.0,-1,0,25
1609991275,7562769,0.2,200.0,105.229996,0.0,0.0,0.0,0.0,0.0,0.0,0.0,-1,0,25
1610998051,7562769,0.2,200.0,104.509995,0.0,0.0,0.0,0.0,0.0,0.0,0.0,-1,0,25
1611977361,7562769,0.2,200.0,104.22,0.0,0.0,0.0,0.0,0.0,0.0,0.0,-1,0,25
1612984024,7562769,0.2,200.0,103.63,0.0,0.0,0.0,0.0,0.0,0.0,0.0,-1,0,25
1613989129,7562769,0.2,200.0,103.049995,0.0,0.0,0.0,0.0,0.0,0.0,0.0,-1,0,25
1614994684,7562769,0.2,200.0,102.93,0.0,0.0,0.0,0.0,0.0,0.0,0.0,-1,0,25
1615974264,7562769,0.2,200.0,101.77,0.0,0.0,0.0,0.0,0.0,0.0,0.0,-1,0,25
1616980194,7562769,0.2,200.0,102.009995,0.0,0.0,0.0,0.0,0.0,0.0,0.0,-1,0,25
1617985820,7562769,0.2,200.0,102.479996,0.0,0.0,0.0,0.0,0.0,0.0,0.0,-1,0,25
1618991151,7562769,0.2,200.0,111.329994,0.0,0.0,0.0,0.0,0.0,0.0,0.0,-1,0,25
1619996520,7562769,0.2,200.0,103.49,0.0,0.0,0.0,0.0,0.0,0.0,0.0,-1,0,25
1620974968,7562769,0.2,200.0,102.46,0.0,0.0,0.0,0.0,0.0,0.0,0.0,-1,0,25
1621980627,7562769,0.2,200.0,101.869995,0.0,0.0,0.0,0.0,0.0,0.0,0.0,-1,0,25
1622986350,7562769,0.2,200.0,102.13,0.0,0.0,0.0,0.0,0.0,0.0,0.0,-1,0,25
1623991530,7562769,0.2,200.0,102.81,0.0,0.0,0.0,0.0,0.0,0.0,0.0,-1,0,25
1624996050,7562769,0.2,200.0,102.439995,0.0,0.0,0.0,0.0,0.0,0.0,0.0,-1,0,25
1625975356,7562769,0.2,200.0,102.399994,0.0,0.0,0.0,0.0,0.0,0.0,0.0,-1,0,25
1626979890,7562769,0.2,200.0,102.59,0.0,0.0,0.0,0.0,0.0,0.0,0.0,-1,0,25
1627985090,7562769,0.2,200.0,106.649994,0.0,0.0,0.0,0.0,0.0,0.0,0.0,-1,0,25
1628990194,7562769,0.2,200.0,106.439995,0.0,0.0,0.0,0.0,0.0,0.0,0.0,-1,0,25
1629994998,7562769,0.2,200.0,105.11,0.0,0.0,0.0,0.0,0.0,0.0,0.0,-1,0,25
1630973360,7562769,0.2,200.0,103.47,0.0,0.0,0.0,0.0,0.0,0.0,0.0,-1,0,25
1631978785,7562769,0.2,200.0,100.57,0.0,0.0,0.0,0.0,0.0,0.0,0.0,-1,0,25
1632983408,7562769,0.2,200.0,97.6,0.0,0.0,0.0,0.0,0.0,0.0,0.0,-1,0,25
1633988468,7562769,0.2,200.0,92.659996,0.0,0.0,0.0,0.0,0.0,0.0,0.0,-1,0,25
1634993525,7562769,0.2,200.0,88.53,0.0,0.0,0.0,0.0,0.0,0.0,0.0,-1,0,25
1635972003,7562769,0.2,200.0,85.39,0.0,0.0,0.0,0.0,0.0,0.0,0.0,-1,0,25
1636977006,7562769,0.2,200.0,82.6,0.0,0.0,0.0,0.0,0.0,0.0,0.0,-1,0,25
1637981475,7562769,0.2,200.0,79.34,0.0,0.0,0.0,0.0,0.0,0.0,0.0,-1,0,25
1638986408,7562769,0.2,200.0,75.81,0.0,0.0,0.0,0.0,0.0,0.0,0.0,-1,0,25
1639992093,7562769,0.2,200.0,73.0,0.0,0.0,0.0,0.0,0.0,0.0,0.0,-1,0,25
1640997499,7562769,0.2,200.0,70.03,0.0,0.0,0.0,0.0,0.0,0.0,0.0,-1,0,25
1641976237,7562769,0.2,200.0,67.189995,0.0,0.0,0.0,0.0,0.0,0.0,0.0,-1,0,25
1642981274,7562769,0.2,200.0,64.13,0.0,0.0,0.0,0.0,0.0,0.0,0.0,-1,0,25
1643987060,7562769,0.2,200.0,60.879997,0.0,0.0,0.0,0.0,0.0,0.0,0.0,-1,0,25
1644992207,7562769,0.2,200.0,57.86,0.0,0.0,0.0,0.0,0.0,0.0,0.0,-1,0,25
1645998020,7562769,0.2,200.0,54.899998,0.0,0.0,0.0,0.0,0.0,0.0,0.0,-1,0,25
1646977205,7562769,0.2,200.0,51.96,0.0,0.0,0.0,0.0,0.0,0.0,0.0,-1,0,25
1647982351,7562769,0.2,200.0,48.82,0.0,0.0,0.0,0.0,0.0,0.0,0.0,-1,0,25
1648987553,7562769,0.2,200.0,45.69,0.0,0.0,0.0,0.0,0.0,0.0,0.0,-1,0,25
1649993225,7562769,0.2,200.0,42.66,0.0,0.0,0.0,0.0,0.0,0.0,0.0,-1,0,25
1650998353,7562769,0.2,200.0,39.66,0.0,0.0,0.0,0.0,0.0,0.0,0.0,-1,0,25
1651976897,7562769,0.2,200.0,36.739998,0.0,0.0,0.0,0.0,0.0,0.0,0.0,-1,0,25
1652982482,7562769,0.2,200.0,33.739998,0.0,0.0,0.0,0.0,0.0,0.0,0.0,-1,0,25
1653987372,7562769,0.2,200.0,30.779999,0.0,0.0,0.0,0.0,0.0,0.0,0.0,-1,0,25
1654992202,7562769,0.2,200.0,27.84,0.0,0.0,0.0,0.0,0.0,0.0,0.0,-1,0,25
1655997009,7562769,0.2,200.0,24.93,0.0,0.0,0.0,0.0,0.0,0.0,0.0,-1,0,25
1656975683,7562769,0.2,200.0,22.09,0.0,0.0,0.0,0.0,0.0,0.0,0.0,-1,0,25
1657980600,7562769,0.2,200.0,19.109999,0.0,0.0,0.0,0.0,0.0,0.0,0.0,-1,0,25
1658985467,7562769,0.2,200.0,16.039999,0.0,0.0,0.0,0.0,0.0,0.0,0.0,-1,0,25
1659990022,7562769,0.2,200.0,13.179999,0.0,0.0,0.0,0.0,0.0,0.0,0.0,-1,0,25
1660994727,7562769,0.2,200.0,10.25,0.0,0.0,0.0,0.0,0.0,0.0,0.0,-1,0,25
1661973636,7562769,0.2,200.0,7.52,0.0,0.0,0.0,0.0,0.0,0.0,0.0,-1,0,25
1662977924,7562769,0.2,200.0,5.97,0.0,0.0,0.0,0.0,0.0,0.0,0.0,-1,0,25
1663982796,7562769,0.2,200.0,4.87,0.0,0.0,0.0,0.0,0.0,0.0,0.0,-1,0,25
1664987879,7562769,0.2,200.0,3.9399998,0.0,0.0,0.0,0.0,0.0,0.0,0.0,-1,0,25
1665992780,7562769,0.2,200.0,3.1399999,0.0,0.0,0.0,0.0,0.0,0.0,0.0,-1,0,25
1666997854,7562769,0.2,200.0,2.1699998,0.0,0.0,0.0,0.0,0.0,0.0,0.0,-1,0,25
1667976131,7562769,0.2,200.0,1.29,0.0,0.0,0.0,0.0,0.0,0.0,0.0,-1,0,25
1668981575,7562769,0.2,200.0,0.53999996,0.0,0.0,0.0,0.0,0.0,0.0,0.0,-1,0,25
1669985894,7562769,0.2,200.0,0.13,0.0,0.0,0.0,0.0,0.0,0.0,0.0,0,0,25
1670990706,7562769,0.2,200.0,0.13,0.0,0.0,0.0,0.0,0.0,0.0,0.0,0,0,25
1671995715,7562769,0.2,200.0,0.13,0.0,0.0,0.0,0.0,0.0,0.0,0.0,0,0,25
1672974904,7562769,0.2,200.0,0.13,0.0,0.0,0.0,0.0,0.0,0.0,0.0,0,0,25
